title,address,access,age,floor,rent,management_fee,deposit,gratuity,room_layout,area
富久クロスコンフォートタワー,東京都新宿区富久町,"
東京メトロ丸ノ内線/新宿御苑前駅 歩5分
東京メトロ丸ノ内線/新宿三丁目駅 歩8分
都営新宿線/曙橋駅 歩10分
","
築7年
地下2地上55階建
","
32階",20万円,18000円,40万円,20万円,1LDK,36.22m2
富久クロスコンフォートタワー,東京都新宿区富久町,"
東京メトロ丸ノ内線/新宿御苑前駅 歩5分
東京メトロ丸ノ内線/新宿三丁目駅 歩8分
都営新宿線/曙橋駅 歩10分
","
築7年
地下2地上55階建
","
3階",23万円,-,46万円,23万円,1LDK,47.43m2
富久クロスコンフォートタワー,東京都新宿区富久町,"
東京メトロ丸ノ内線/新宿御苑前駅 歩5分
東京メトロ丸ノ内線/新宿三丁目駅 歩8分
都営新宿線/曙橋駅 歩10分
","
築7年
地下2地上55階建
","
20階",29万円,-,58万円,29万円,2LDK,58.8m2
富久クロスコンフォートタワー,東京都新宿区富久町,"
東京メトロ丸ノ内線/新宿御苑前駅 歩5分
東京メトロ丸ノ内線/新宿三丁目駅 歩8分
都営新宿線/曙橋駅 歩10分
","
築7年
地下2地上55階建
","
14階",35万円,-,70万円,35万円,3LDK,70.12m2
富久クロスコンフォートタワー,東京都新宿区富久町,"
東京メトロ丸ノ内線/新宿御苑前駅 歩5分
東京メトロ丸ノ内線/新宿三丁目駅 歩8分
都営新宿線/曙橋駅 歩10分
","
築7年
地下2地上55階建
","
22階",31万円,40000円,62万円,31万円,2LDK,66.04m2
富久クロスコンフォートタワー,東京都新宿区富久町,"
東京メトロ丸ノ内線/新宿御苑前駅 歩5分
東京メトロ丸ノ内線/新宿三丁目駅 歩8分
都営新宿線/曙橋駅 歩10分
","
築7年
地下2地上55階建
","
8階",36万円,-,72万円,36万円,3SLDK,74.44m2
富久クロスコンフォートタワー,東京都新宿区富久町,"
東京メトロ丸ノ内線/新宿御苑前駅 歩5分
東京メトロ丸ノ内線/新宿三丁目駅 歩8分
都営新宿線/曙橋駅 歩10分
","
築7年
地下2地上55階建
","
39階",40万円,-,40万円,40万円,3LDK,73.51m2
富久クロスコンフォートタワー,東京都新宿区富久町,"
東京メトロ丸ノ内線/新宿御苑前駅 歩5分
東京メトロ丸ノ内線/新宿三丁目駅 歩8分
都営新宿線/曙橋駅 歩10分
","
築7年
地下2地上55階建
","
39階",40万円,20000円,40万円,40万円,3LDK,73.51m2
富久クロスコンフォートタワー,東京都新宿区富久町,"
東京メトロ丸ノ内線/新宿御苑前駅 歩5分
東京メトロ丸ノ内線/新宿三丁目駅 歩8分
都営新宿線/曙橋駅 歩10分
","
築7年
地下2地上55階建
","
39階",40万円,20000円,40万円,40万円,3LDK,73.51m2
富久クロスコンフォートタワー,東京都新宿区富久町,"
東京メトロ丸ノ内線/新宿御苑前駅 歩5分
東京メトロ丸ノ内線/新宿三丁目駅 歩8分
都営新宿線/曙橋駅 歩10分
","
築7年
地下2地上55階建
","
34階",40万円,20000円,40万円,40万円,2LDK,73.51m2
富久クロスコンフォートタワー,東京都新宿区富久町,"
東京メトロ丸ノ内線/新宿御苑前駅 歩5分
東京メトロ丸ノ内線/新宿三丁目駅 歩8分
都営新宿線/曙橋駅 歩10分
","
築7年
地下2地上55階建
","
26階",42万円,-,84万円,42万円,3LDK,70.75m2
富久クロスコンフォートタワー,東京都新宿区富久町,"
東京メトロ丸ノ内線/新宿御苑前駅 歩5分
東京メトロ丸ノ内線/新宿三丁目駅 歩8分
都営新宿線/曙橋駅 歩10分
","
築7年
地下2地上55階建
","
42階",41.5万円,15000円,41.5万円,41.5万円,2LDK,75.84m2
富久クロスコンフォートタワー,東京都新宿区富久町,"
東京メトロ丸ノ内線/新宿御苑前駅 歩5分
東京メトロ丸ノ内線/新宿三丁目駅 歩8分
都営新宿線/曙橋駅 歩10分
","
築7年
地下2地上55階建
","
55階",70万円,-,140万円,70万円,1LDK,94m2
西新宿戸建,東京都新宿区西新宿４,"
都営大江戸線/西新宿五丁目駅 歩5分


","
築26年
3階建
","
-",46万円,-,46万円,23万円,7LDK,130.47m2
西新宿戸建,東京都新宿区西新宿４,"
都営大江戸線/西新宿五丁目駅 歩5分


","
築26年
3階建
","
1階",46万円,-,46万円,23万円,7LDK,130.47m2
四谷デュープレックスＤ－Ｒ,東京都新宿区舟町,"
東京メトロ丸ノ内線/四谷三丁目駅 歩5分
都営新宿線/曙橋駅 歩5分
ＪＲ中央線/四ツ谷駅 歩15分
","
築13年
8階建
","
3階",14万円,10000円,14万円,14万円,1K,36.64m2
四谷デュープレックスＤ－Ｒ,東京都新宿区舟町,"
東京メトロ丸ノ内線/四谷三丁目駅 歩5分
都営新宿線/曙橋駅 歩5分
ＪＲ中央線/四ツ谷駅 歩15分
","
築13年
8階建
","
2階",15万円,10000円,15万円,-,1LDK,35.32m2
四谷デュープレックスＤ－Ｒ,東京都新宿区舟町,"
東京メトロ丸ノ内線/四谷三丁目駅 歩5分
都営新宿線/曙橋駅 歩5分
ＪＲ中央線/四ツ谷駅 歩15分
","
築13年
8階建
","
4階",15.5万円,10000円,-,15.5万円,1LDK,38.1m2
四谷デュープレックスＤ－Ｒ,東京都新宿区舟町,"
東京メトロ丸ノ内線/四谷三丁目駅 歩5分
都営新宿線/曙橋駅 歩5分
ＪＲ中央線/四ツ谷駅 歩15分
","
築13年
8階建
","
2階",15.5万円,10000円,15.5万円,-,1LDK,35.32m2
パークハウスK,東京都新宿区上落合２,"
都営大江戸線/中井駅 歩4分
西武新宿線/下落合駅 歩6分
東京メトロ東西線/落合駅 歩7分
","
築5年
2階建
","
1-2階",13万円,-,13万円,13万円,1LDK,48.23m2
グランクリュ新宿御苑,東京都新宿区大京町,"
東京メトロ丸ノ内線/四谷三丁目駅 歩7分
ＪＲ中央線/千駄ヶ谷駅 歩11分
東京メトロ丸ノ内線/新宿御苑前駅 歩7分
","
築4年
地下2地上9階建
","
5階",18.4万円,10000円,18.4万円,18.4万円,1LDK,41.56m2
グランクリュ新宿御苑,東京都新宿区大京町,"
東京メトロ丸ノ内線/四谷三丁目駅 歩7分
ＪＲ中央線/千駄ヶ谷駅 歩11分
東京メトロ丸ノ内線/新宿御苑前駅 歩7分
","
築4年
地下2地上9階建
","
4階",22.3万円,10000円,22.3万円,33.45万円,2LDK,49.5m2
グランクリュ新宿御苑,東京都新宿区大京町,"
東京メトロ丸ノ内線/四谷三丁目駅 歩7分
ＪＲ中央線/千駄ヶ谷駅 歩11分
東京メトロ丸ノ内線/新宿御苑前駅 歩7分
","
築4年
地下2地上9階建
","
5階",22.4万円,10000円,22.4万円,22.4万円,2LDK,49.5m2
グランハイツ高田馬場,東京都新宿区高田馬場３,"
ＪＲ山手線/高田馬場駅 歩2分
西武新宿線/下落合駅 歩11分
ＪＲ山手線/目白駅 歩14分
","
築12年
15階建
","
10階",10.3万円,15000円,10.3万円,10.3万円,ワンルーム,27.57m2
グランハイツ高田馬場,東京都新宿区高田馬場３,"
ＪＲ山手線/高田馬場駅 歩2分
西武新宿線/下落合駅 歩11分
ＪＲ山手線/目白駅 歩14分
","
築12年
15階建
","
3階",11.3万円,9000円,11.3万円,11.3万円,ワンルーム,30.14m2
グランハイツ高田馬場,東京都新宿区高田馬場３,"
ＪＲ山手線/高田馬場駅 歩2分
西武新宿線/下落合駅 歩11分
ＪＲ山手線/目白駅 歩14分
","
築12年
15階建
","
3階",11.3万円,9000円,11.3万円,11.3万円,ワンルーム,30.14m2
グランハイツ高田馬場,東京都新宿区高田馬場３,"
ＪＲ山手線/高田馬場駅 歩2分
西武新宿線/下落合駅 歩11分
ＪＲ山手線/目白駅 歩14分
","
築12年
15階建
","
12階",11.5万円,9000円,11.5万円,11.5万円,ワンルーム,27.57m2
グランハイツ高田馬場,東京都新宿区高田馬場３,"
ＪＲ山手線/高田馬場駅 歩2分
西武新宿線/下落合駅 歩11分
ＪＲ山手線/目白駅 歩14分
","
築12年
15階建
","
13階",12.1万円,15000円,12.1万円,12.1万円,1K,30.26m2
グランハイツ高田馬場,東京都新宿区高田馬場３,"
ＪＲ山手線/高田馬場駅 歩2分
西武新宿線/下落合駅 歩11分
ＪＲ山手線/目白駅 歩14分
","
築12年
15階建
","
9階",12.1万円,15000円,-,-,1K,30.13m2
グランハイツ高田馬場,東京都新宿区高田馬場３,"
ＪＲ山手線/高田馬場駅 歩2分
西武新宿線/下落合駅 歩11分
ＪＲ山手線/目白駅 歩14分
","
築12年
15階建
","
5階",12.2万円,15000円,12.2万円,12.2万円,1DK,32.77m2
グランハイツ高田馬場,東京都新宿区高田馬場３,"
ＪＲ山手線/高田馬場駅 歩2分
西武新宿線/下落合駅 歩11分
ＪＲ山手線/目白駅 歩14分
","
築12年
15階建
","
15階",11.9万円,20000円,-,-,1K,30.2m2
グランハイツ高田馬場,東京都新宿区高田馬場３,"
ＪＲ山手線/高田馬場駅 歩2分
西武新宿線/下落合駅 歩11分
ＪＲ山手線/目白駅 歩14分
","
築12年
15階建
","
4階",12.6万円,15000円,12.6万円,12.6万円,1LDK,32.77m2
グランハイツ高田馬場,東京都新宿区高田馬場３,"
ＪＲ山手線/高田馬場駅 歩2分
西武新宿線/下落合駅 歩11分
ＪＲ山手線/目白駅 歩14分
","
築12年
15階建
","
14階",12.6万円,15000円,12.6万円,12.6万円,1K,30.2m2
グランハイツ高田馬場,東京都新宿区高田馬場３,"
ＪＲ山手線/高田馬場駅 歩2分
西武新宿線/下落合駅 歩11分
ＪＲ山手線/目白駅 歩14分
","
築12年
15階建
","
11階",14.2万円,15000円,14.2万円,14.2万円,1DK,35.46m2
グランハイツ高田馬場,東京都新宿区高田馬場３,"
ＪＲ山手線/高田馬場駅 歩2分
西武新宿線/下落合駅 歩11分
ＪＲ山手線/目白駅 歩14分
","
築12年
15階建
","
9階",15万円,15000円,15万円,30万円,1LDK,38.31m2
グランハイツ高田馬場,東京都新宿区高田馬場３,"
ＪＲ山手線/高田馬場駅 歩2分
西武新宿線/下落合駅 歩11分
ＪＲ山手線/目白駅 歩14分
","
築12年
15階建
","
9階",15.1万円,15000円,15.1万円,30.2万円,1LDK,40.52m2
グランハイツ高田馬場,東京都新宿区高田馬場３,"
ＪＲ山手線/高田馬場駅 歩2分
西武新宿線/下落合駅 歩11分
ＪＲ山手線/目白駅 歩14分
","
築12年
15階建
","
12階",15.4万円,15000円,15.4万円,15.4万円,1LDK,40.52m2
グランハイツ高田馬場,東京都新宿区高田馬場３,"
ＪＲ山手線/高田馬場駅 歩2分
西武新宿線/下落合駅 歩11分
ＪＲ山手線/目白駅 歩14分
","
築12年
15階建
","
13階",17.1万円,15000円,17.1万円,17.1万円,1LDK,43.08m2
グランハイツ高田馬場,東京都新宿区高田馬場３,"
ＪＲ山手線/高田馬場駅 歩2分
西武新宿線/下落合駅 歩11分
ＪＲ山手線/目白駅 歩14分
","
築12年
15階建
","
8階",17.9万円,15000円,17.9万円,17.9万円,1LDK,47.4m2
グランハイツ高田馬場,東京都新宿区高田馬場３,"
ＪＲ山手線/高田馬場駅 歩2分
西武新宿線/下落合駅 歩11分
ＪＲ山手線/目白駅 歩14分
","
築12年
15階建
","
10階",21.8万円,12000円,21.8万円,43.6万円,2LDK,59.65m2
ヴィラ・セレーノ西早稲田,東京都新宿区西早稲田２,"
東京メトロ副都心線/西早稲田駅 歩4分
ＪＲ山手線/高田馬場駅 歩13分
都電荒川線/面影橋駅 歩9分
","
築33年
5階建
","
3階",26.8万円,-,26.8万円,26.8万円,3LDK,86.75m2
ヴィラ・セレーノ西早稲田,東京都新宿区西早稲田２,"
東京メトロ副都心線/西早稲田駅 歩4分
ＪＲ山手線/高田馬場駅 歩13分
都電荒川線/面影橋駅 歩9分
","
築33年
5階建
","
3階",26.8万円,-,26.8万円,26.8万円,3LDK,86.75m2
ブリリア外苑出羽坂【Brillia外苑出羽坂】,東京都新宿区南元町,"
ＪＲ中央線/信濃町駅 歩5分
都営大江戸線/国立競技場駅 歩11分
東京メトロ丸ノ内線/四谷三丁目駅 歩13分
","
築16年
6階建
","
1階",21.9万円,9000円,21.9万円,21.9万円,1LDK,53.27m2
レジディア上落合,東京都新宿区上落合３,"
都営大江戸線/中井駅 歩2分
東京メトロ東西線/落合駅 歩4分
ＪＲ中央線/東中野駅 歩12分
","
築15年
6階建
","
1階",7.8万円,10000円,7.8万円,-,1K,20.7m2
レジディア上落合,東京都新宿区上落合３,"
都営大江戸線/中井駅 歩2分
東京メトロ東西線/落合駅 歩4分
ＪＲ中央線/東中野駅 歩12分
","
築15年
6階建
","
1階",7.8万円,10000円,7.8万円,7.8万円,1K,20.7m2
レジディア上落合,東京都新宿区上落合３,"
都営大江戸線/中井駅 歩2分
東京メトロ東西線/落合駅 歩4分
ＪＲ中央線/東中野駅 歩12分
","
築15年
6階建
","
1階",8万円,10000円,8万円,8万円,1K,23.5m2
レジディア上落合,東京都新宿区上落合３,"
都営大江戸線/中井駅 歩2分
東京メトロ東西線/落合駅 歩4分
ＪＲ中央線/東中野駅 歩12分
","
築15年
6階建
","
4階",15.7万円,15000円,15.7万円,15.7万円,1LDK,41.4m2
ディームス神楽坂II,東京都新宿区西五軒町,"
東京メトロ東西線/神楽坂駅 歩5分
東京メトロ東西線/飯田橋駅 歩10分
東京メトロ有楽町線/江戸川橋駅 歩8分
","
築3年
7階建
","
1階",10.4万円,10000円,-,-,1K,25.05m2
ディームス神楽坂II,東京都新宿区西五軒町,"
東京メトロ東西線/神楽坂駅 歩5分
東京メトロ東西線/飯田橋駅 歩10分
東京メトロ有楽町線/江戸川橋駅 歩8分
","
築3年
7階建
","
1階",10.4万円,10000円,-,-,1K,25.01m2
ディームス神楽坂II,東京都新宿区西五軒町,"
東京メトロ東西線/神楽坂駅 歩5分
東京メトロ東西線/飯田橋駅 歩10分
東京メトロ有楽町線/江戸川橋駅 歩8分
","
築3年
7階建
","
1階",10.4万円,10000円,-,-,1K,25.01m2
ディームス神楽坂II,東京都新宿区西五軒町,"
東京メトロ東西線/神楽坂駅 歩5分
東京メトロ東西線/飯田橋駅 歩10分
東京メトロ有楽町線/江戸川橋駅 歩8分
","
築3年
7階建
","
2階",11.1万円,10000円,-,-,1K,25.05m2
ディームス神楽坂II,東京都新宿区西五軒町,"
東京メトロ東西線/神楽坂駅 歩5分
東京メトロ東西線/飯田橋駅 歩10分
東京メトロ有楽町線/江戸川橋駅 歩8分
","
築3年
7階建
","
3階",11.2万円,10000円,-,-,1K,25.05m2
ディームス神楽坂II,東京都新宿区西五軒町,"
東京メトロ東西線/神楽坂駅 歩5分
東京メトロ東西線/飯田橋駅 歩10分
東京メトロ有楽町線/江戸川橋駅 歩8分
","
築3年
7階建
","
4階",11.3万円,10000円,-,-,1K,25.05m2
ディームス神楽坂II,東京都新宿区西五軒町,"
東京メトロ東西線/神楽坂駅 歩5分
東京メトロ東西線/飯田橋駅 歩10分
東京メトロ有楽町線/江戸川橋駅 歩8分
","
築3年
7階建
","
4階",11.3万円,10000円,-,-,1K,25.05m2
ディームス神楽坂II,東京都新宿区西五軒町,"
東京メトロ東西線/神楽坂駅 歩5分
東京メトロ東西線/飯田橋駅 歩10分
東京メトロ有楽町線/江戸川橋駅 歩8分
","
築3年
7階建
","
2階",11.4万円,10000円,-,-,1K,25.09m2
ディームス神楽坂II,東京都新宿区西五軒町,"
東京メトロ東西線/神楽坂駅 歩5分
東京メトロ東西線/飯田橋駅 歩10分
東京メトロ有楽町線/江戸川橋駅 歩8分
","
築3年
7階建
","
4階",11.5万円,10000円,-,-,1K,25.01m2
ディームス神楽坂II,東京都新宿区西五軒町,"
東京メトロ東西線/神楽坂駅 歩5分
東京メトロ東西線/飯田橋駅 歩10分
東京メトロ有楽町線/江戸川橋駅 歩8分
","
築3年
7階建
","
6階",11.8万円,10000円,-,-,1K,25.01m2
ディームス神楽坂II,東京都新宿区西五軒町,"
東京メトロ東西線/神楽坂駅 歩5分
東京メトロ東西線/飯田橋駅 歩10分
東京メトロ有楽町線/江戸川橋駅 歩8分
","
築3年
7階建
","
6階",11.9万円,10000円,-,-,1K,25.02m2
ディームス神楽坂II,東京都新宿区西五軒町,"
東京メトロ東西線/神楽坂駅 歩5分
東京メトロ東西線/飯田橋駅 歩10分
東京メトロ有楽町線/江戸川橋駅 歩8分
","
築3年
7階建
","
7階",12.2万円,10000円,-,-,1K,26.41m2
ディームス神楽坂II,東京都新宿区西五軒町,"
東京メトロ東西線/神楽坂駅 歩5分
東京メトロ東西線/飯田橋駅 歩10分
東京メトロ有楽町線/江戸川橋駅 歩8分
","
築3年
7階建
","
3階",19.9万円,15000円,-,-,1LDK,40.1m2
ディームス神楽坂II,東京都新宿区西五軒町,"
東京メトロ東西線/神楽坂駅 歩5分
東京メトロ東西線/飯田橋駅 歩10分
東京メトロ有楽町線/江戸川橋駅 歩8分
","
築3年
7階建
","
3階",20.4万円,15000円,-,-,1LDK,40.1m2
パークグレース新宿,東京都新宿区西新宿４,"
都営大江戸線/都庁前駅 歩5分
ＪＲ山手線/新宿駅 歩15分
東京メトロ丸ノ内線/西新宿駅 歩12分
","
築43年
14階建
","
6階",7.3万円,7000円,7.3万円,-,ワンルーム,26.53m2
パークグレース新宿,東京都新宿区西新宿４,"
都営大江戸線/都庁前駅 歩5分
ＪＲ山手線/新宿駅 歩15分
東京メトロ丸ノ内線/西新宿駅 歩12分
","
築43年
14階建
","
6階",7.6万円,7000円,7.6万円,-,ワンルーム,26.53m2
パークグレース新宿,東京都新宿区西新宿４,"
都営大江戸線/都庁前駅 歩5分
ＪＲ山手線/新宿駅 歩15分
東京メトロ丸ノ内線/西新宿駅 歩12分
","
築43年
14階建
","
9階",7.9万円,7000円,7.9万円,-,ワンルーム,26.53m2
パークグレース新宿,東京都新宿区西新宿４,"
都営大江戸線/都庁前駅 歩5分
ＪＲ山手線/新宿駅 歩15分
東京メトロ丸ノ内線/西新宿駅 歩12分
","
築43年
14階建
","
12階",7.9万円,7000円,7.9万円,-,ワンルーム,26.53m2
パークグレース新宿,東京都新宿区西新宿４,"
都営大江戸線/都庁前駅 歩5分
ＪＲ山手線/新宿駅 歩15分
東京メトロ丸ノ内線/西新宿駅 歩12分
","
築43年
14階建
","
5階",8.3万円,7000円,8.3万円,8.3万円,ワンルーム,26.53m2
パークグレース新宿,東京都新宿区西新宿４,"
都営大江戸線/都庁前駅 歩5分
ＪＲ山手線/新宿駅 歩15分
東京メトロ丸ノ内線/西新宿駅 歩12分
","
築43年
14階建
","
9階",8.3万円,7000円,8.3万円,8.3万円,ワンルーム,26.53m2
パークグレース新宿,東京都新宿区西新宿４,"
都営大江戸線/都庁前駅 歩5分
ＪＲ山手線/新宿駅 歩15分
東京メトロ丸ノ内線/西新宿駅 歩12分
","
築43年
14階建
","
13階",15.9万円,15000円,15.9万円,-,2LDK,53.07m2
パークグレース新宿,東京都新宿区西新宿４,"
都営大江戸線/都庁前駅 歩5分
ＪＲ山手線/新宿駅 歩15分
東京メトロ丸ノ内線/西新宿駅 歩12分
","
築43年
14階建
","
13階",16.1万円,15000円,16.1万円,16.1万円,2LDK,53.07m2
コンシェリア西新宿タワーズウエスト,東京都新宿区西新宿６,"
都営大江戸線/西新宿五丁目駅 歩5分
東京メトロ丸ノ内線/西新宿駅 歩9分
ＪＲ山手線/新宿駅 歩15分
","
築14年
地下4地上44階建
","
5階",17万円,-,17万円,17万円,1K,37.45m2
コンシェリア西新宿タワーズウエスト,東京都新宿区西新宿６,"
都営大江戸線/西新宿五丁目駅 歩5分
東京メトロ丸ノ内線/西新宿駅 歩9分
ＪＲ山手線/新宿駅 歩15分
","
築14年
地下4地上44階建
","
5階",16.1万円,12000円,16.1万円,16.1万円,1K,37.02m2
コンシェリア西新宿タワーズウエスト,東京都新宿区西新宿６,"
都営大江戸線/西新宿五丁目駅 歩5分
東京メトロ丸ノ内線/西新宿駅 歩9分
ＪＲ山手線/新宿駅 歩15分
","
築14年
地下4地上44階建
","
5階",16.1万円,12000円,16.1万円,16.1万円,1K,37.02m2
コンシェリア西新宿タワーズウエスト,東京都新宿区西新宿６,"
都営大江戸線/西新宿五丁目駅 歩5分
東京メトロ丸ノ内線/西新宿駅 歩9分
ＪＲ山手線/新宿駅 歩15分
","
築14年
地下4地上44階建
","
18階",16万円,15000円,16万円,16万円,1K,37.45m2
コンシェリア西新宿タワーズウエスト,東京都新宿区西新宿６,"
都営大江戸線/西新宿五丁目駅 歩5分
東京メトロ丸ノ内線/西新宿駅 歩9分
ＪＲ山手線/新宿駅 歩15分
","
築14年
地下4地上44階建
","
8階",15.9万円,17000円,15.9万円,15.9万円,1K,37.45m2
コンシェリア西新宿タワーズウエスト,東京都新宿区西新宿６,"
都営大江戸線/西新宿五丁目駅 歩5分
東京メトロ丸ノ内線/西新宿駅 歩9分
ＪＲ山手線/新宿駅 歩15分
","
築14年
地下4地上44階建
","
11階",16.8万円,12000円,16.8万円,16.8万円,1K,37.45m2
コンシェリア西新宿タワーズウエスト,東京都新宿区西新宿６,"
都営大江戸線/西新宿五丁目駅 歩5分
東京メトロ丸ノ内線/西新宿駅 歩9分
ＪＲ山手線/新宿駅 歩15分
","
築14年
地下4地上44階建
","
18階",18.5万円,-,18.5万円,18.5万円,1K,37.45m2
コンシェリア西新宿タワーズウエスト,東京都新宿区西新宿６,"
都営大江戸線/西新宿五丁目駅 歩5分
東京メトロ丸ノ内線/西新宿駅 歩9分
ＪＲ山手線/新宿駅 歩15分
","
築14年
地下4地上44階建
","
16階",18.4万円,12000円,18.4万円,18.4万円,1K,37.02m2
コンシェリア西新宿タワーズウエスト,東京都新宿区西新宿６,"
都営大江戸線/西新宿五丁目駅 歩5分
東京メトロ丸ノ内線/西新宿駅 歩9分
ＪＲ山手線/新宿駅 歩15分
","
築14年
地下4地上44階建
","
9階",23万円,18000円,23万円,23万円,1LDK,55.16m2
コンシェリア西新宿タワーズウエスト,東京都新宿区西新宿６,"
都営大江戸線/西新宿五丁目駅 歩5分
東京メトロ丸ノ内線/西新宿駅 歩9分
ＪＲ山手線/新宿駅 歩15分
","
築14年
地下4地上44階建
","
19階",23.2万円,18000円,23.2万円,23.2万円,1LDK,55.16m2
コンシェリア西新宿タワーズウエスト,東京都新宿区西新宿６,"
都営大江戸線/西新宿五丁目駅 歩5分
東京メトロ丸ノ内線/西新宿駅 歩9分
ＪＲ山手線/新宿駅 歩15分
","
築14年
地下4地上44階建
","
24階",23.5万円,18000円,23.5万円,23.5万円,1LDK,55.11m2
コンシェリア西新宿タワーズウエスト,東京都新宿区西新宿６,"
都営大江戸線/西新宿五丁目駅 歩5分
東京メトロ丸ノ内線/西新宿駅 歩9分
ＪＲ山手線/新宿駅 歩15分
","
築14年
地下4地上44階建
","
18階",26.2万円,18000円,26.2万円,26.2万円,1LDK,55.11m2
ＪＲ山手線 高田馬場駅 地下2地上22階建 築25年,東京都新宿区高田馬場２,"
ＪＲ山手線/高田馬場駅 歩7分
東京メトロ東西線/高田馬場駅 歩4分
東京メトロ副都心線/西早稲田駅 歩5分
","
築25年
地下2地上22階建
","
14階",21.6万円,10500円,21.6万円,-,2LDK,59.39m2
レジディア四谷三丁目,東京都新宿区荒木町,"
都営新宿線/曙橋駅 歩2分
東京メトロ丸ノ内線/四谷三丁目駅 歩7分
ＪＲ総武線/四ツ谷駅 歩14分
","
築13年
10階建
","
7階",10.2万円,10000円,10.2万円,10.2万円,1K,23.66m2
レジディア四谷三丁目,東京都新宿区荒木町,"
都営新宿線/曙橋駅 歩2分
東京メトロ丸ノ内線/四谷三丁目駅 歩7分
ＪＲ総武線/四ツ谷駅 歩14分
","
築13年
10階建
","
3階",10.4万円,10000円,10.4万円,-,1K,27.86m2
レジディア四谷三丁目,東京都新宿区荒木町,"
都営新宿線/曙橋駅 歩2分
東京メトロ丸ノ内線/四谷三丁目駅 歩7分
ＪＲ総武線/四ツ谷駅 歩14分
","
築13年
10階建
","
5階",11万円,10000円,11万円,11万円,1K,27.86m2
レジディア四谷三丁目,東京都新宿区荒木町,"
都営新宿線/曙橋駅 歩2分
東京メトロ丸ノ内線/四谷三丁目駅 歩7分
ＪＲ総武線/四ツ谷駅 歩14分
","
築13年
10階建
","
4階",11万円,10000円,11万円,11万円,ワンルーム,25.9m2
レジディア四谷三丁目,東京都新宿区荒木町,"
都営新宿線/曙橋駅 歩2分
東京メトロ丸ノ内線/四谷三丁目駅 歩7分
ＪＲ総武線/四ツ谷駅 歩14分
","
築13年
10階建
","
4階",11.3万円,10000円,11.3万円,11.3万円,ワンルーム,25.9m2
レジディア四谷三丁目,東京都新宿区荒木町,"
都営新宿線/曙橋駅 歩2分
東京メトロ丸ノ内線/四谷三丁目駅 歩7分
ＪＲ総武線/四ツ谷駅 歩14分
","
築13年
10階建
","
7階",11.3万円,10000円,11.3万円,11.3万円,ワンルーム,25.9m2
レジディア四谷三丁目,東京都新宿区荒木町,"
都営新宿線/曙橋駅 歩2分
東京メトロ丸ノ内線/四谷三丁目駅 歩7分
ＪＲ総武線/四ツ谷駅 歩14分
","
築13年
10階建
","
5階",12.5万円,10000円,12.5万円,12.5万円,1K,33.16m2
レジディア四谷三丁目,東京都新宿区荒木町,"
都営新宿線/曙橋駅 歩2分
東京メトロ丸ノ内線/四谷三丁目駅 歩7分
ＪＲ総武線/四ツ谷駅 歩14分
","
築13年
10階建
","
6階",15.4万円,10000円,15.4万円,-,1LDK,38.5m2
レジディア四谷三丁目,東京都新宿区荒木町,"
都営新宿線/曙橋駅 歩2分
東京メトロ丸ノ内線/四谷三丁目駅 歩7分
ＪＲ総武線/四ツ谷駅 歩14分
","
築13年
10階建
","
4階",16.5万円,15000円,16.5万円,16.5万円,1LDK,40.41m2
レジディア四谷三丁目,東京都新宿区荒木町,"
都営新宿線/曙橋駅 歩2分
東京メトロ丸ノ内線/四谷三丁目駅 歩7分
ＪＲ総武線/四ツ谷駅 歩14分
","
築13年
10階建
","
10階",18.5万円,15000円,18.5万円,18.5万円,1LDK,48.89m2
レジディア四谷三丁目,東京都新宿区荒木町,"
都営新宿線/曙橋駅 歩2分
東京メトロ丸ノ内線/四谷三丁目駅 歩7分
ＪＲ総武線/四ツ谷駅 歩14分
","
築13年
10階建
","
10階",26.5万円,15000円,26.5万円,26.5万円,2LDK,66.37m2
都営新宿線 曙橋駅 10階建 築13年,東京都新宿区荒木町,"
都営新宿線/曙橋駅 歩2分
東京メトロ丸ノ内線/四谷三丁目駅 歩7分
ＪＲ総武線/四ツ谷駅 歩14分
","
築13年
10階建
","
6階",9.6万円,10000円,9.6万円,-,1K,23.66m2
都営新宿線 曙橋駅 10階建 築13年,東京都新宿区荒木町,"
都営新宿線/曙橋駅 歩2分
東京メトロ丸ノ内線/四谷三丁目駅 歩7分
ＪＲ総武線/四ツ谷駅 歩14分
","
築13年
10階建
","
7階",10.2万円,10000円,10.2万円,10.2万円,1K,23.66m2
都営新宿線 曙橋駅 10階建 築13年,東京都新宿区荒木町,"
都営新宿線/曙橋駅 歩2分
東京メトロ丸ノ内線/四谷三丁目駅 歩7分
ＪＲ総武線/四ツ谷駅 歩14分
","
築13年
10階建
","
3階",10.4万円,10000円,10.4万円,-,1K,27.86m2
都営新宿線 曙橋駅 10階建 築13年,東京都新宿区荒木町,"
都営新宿線/曙橋駅 歩2分
東京メトロ丸ノ内線/四谷三丁目駅 歩7分
ＪＲ総武線/四ツ谷駅 歩14分
","
築13年
10階建
","
5階",11万円,10000円,11万円,11万円,1K,27.86m2
都営新宿線 曙橋駅 10階建 築13年,東京都新宿区荒木町,"
都営新宿線/曙橋駅 歩2分
東京メトロ丸ノ内線/四谷三丁目駅 歩7分
ＪＲ総武線/四ツ谷駅 歩14分
","
築13年
10階建
","
4階",11万円,10000円,11万円,11万円,ワンルーム,25.9m2
都営新宿線 曙橋駅 10階建 築13年,東京都新宿区荒木町,"
都営新宿線/曙橋駅 歩2分
東京メトロ丸ノ内線/四谷三丁目駅 歩7分
ＪＲ総武線/四ツ谷駅 歩14分
","
築13年
10階建
","
7階",11.3万円,10000円,11.3万円,11.3万円,ワンルーム,25.9m2
都営新宿線 曙橋駅 10階建 築13年,東京都新宿区荒木町,"
都営新宿線/曙橋駅 歩2分
東京メトロ丸ノ内線/四谷三丁目駅 歩7分
ＪＲ総武線/四ツ谷駅 歩14分
","
築13年
10階建
","
5階",12.5万円,10000円,12.5万円,12.5万円,1K,33.16m2
都営新宿線 曙橋駅 10階建 築13年,東京都新宿区荒木町,"
都営新宿線/曙橋駅 歩2分
東京メトロ丸ノ内線/四谷三丁目駅 歩7分
ＪＲ総武線/四ツ谷駅 歩14分
","
築13年
10階建
","
10階",18.5万円,15000円,18.5万円,18.5万円,1LDK,48.89m2
都営新宿線 曙橋駅 10階建 築13年,東京都新宿区荒木町,"
都営新宿線/曙橋駅 歩2分
東京メトロ丸ノ内線/四谷三丁目駅 歩7分
ＪＲ総武線/四ツ谷駅 歩14分
","
築13年
10階建
","
10階",26.5万円,15000円,26.5万円,26.5万円,2LDK,66.37m2
東京メトロ丸ノ内線 西新宿駅 5階建 新築,東京都新宿区西新宿８,"
東京メトロ丸ノ内線/西新宿駅 歩4分
都営大江戸線/都庁前駅 歩12分
ＪＲ中央線/大久保駅 歩13分
","
新築
5階建
","
1階",10.35万円,6500円,-,10.35万円,1K,25.8m2
東京メトロ丸ノ内線 西新宿駅 5階建 新築,東京都新宿区西新宿８,"
東京メトロ丸ノ内線/西新宿駅 歩4分
都営大江戸線/都庁前駅 歩12分
ＪＲ中央線/大久保駅 歩13分
","
新築
5階建
","
1階",10.85万円,6500円,-,10.85万円,1K,25.26m2
東京メトロ丸ノ内線 西新宿駅 5階建 新築,東京都新宿区西新宿８,"
東京メトロ丸ノ内線/西新宿駅 歩4分
都営大江戸線/都庁前駅 歩12分
ＪＲ中央線/大久保駅 歩13分
","
新築
5階建
","
2階",10.95万円,6500円,-,10.95万円,1K,25.8m2
東京メトロ丸ノ内線 西新宿駅 5階建 新築,東京都新宿区西新宿８,"
東京メトロ丸ノ内線/西新宿駅 歩4分
都営大江戸線/都庁前駅 歩12分
ＪＲ中央線/大久保駅 歩13分
","
新築
5階建
","
1階",11.05万円,6500円,-,11.05万円,1K,25.8m2
東京メトロ丸ノ内線 西新宿駅 5階建 新築,東京都新宿区西新宿８,"
東京メトロ丸ノ内線/西新宿駅 歩4分
都営大江戸線/都庁前駅 歩12分
ＪＲ中央線/大久保駅 歩13分
","
新築
5階建
","
1階",11.05万円,6500円,-,11.05万円,1K,25.8m2
東京メトロ丸ノ内線 西新宿駅 5階建 新築,東京都新宿区西新宿８,"
東京メトロ丸ノ内線/西新宿駅 歩4分
都営大江戸線/都庁前駅 歩12分
ＪＲ中央線/大久保駅 歩13分
","
新築
5階建
","
3階",11.05万円,6500円,-,11.05万円,1K,25.8m2
東京メトロ丸ノ内線 西新宿駅 5階建 新築,東京都新宿区西新宿８,"
東京メトロ丸ノ内線/西新宿駅 歩4分
都営大江戸線/都庁前駅 歩12分
ＪＲ中央線/大久保駅 歩13分
","
新築
5階建
","
2階",11.15万円,6500円,-,11.15万円,1K,25.26m2
東京メトロ丸ノ内線 西新宿駅 5階建 新築,東京都新宿区西新宿８,"
東京メトロ丸ノ内線/西新宿駅 歩4分
都営大江戸線/都庁前駅 歩12分
ＪＲ中央線/大久保駅 歩13分
","
新築
5階建
","
2階",11.65万円,6500円,-,11.65万円,1K,25.85m2
東京メトロ丸ノ内線 西新宿駅 5階建 新築,東京都新宿区西新宿８,"
東京メトロ丸ノ内線/西新宿駅 歩4分
都営大江戸線/都庁前駅 歩12分
ＪＲ中央線/大久保駅 歩13分
","
新築
5階建
","
2階",11.65万円,6500円,-,11.65万円,1K,25.8m2
東京メトロ丸ノ内線 西新宿駅 5階建 新築,東京都新宿区西新宿８,"
東京メトロ丸ノ内線/西新宿駅 歩4分
都営大江戸線/都庁前駅 歩12分
ＪＲ中央線/大久保駅 歩13分
","
新築
5階建
","
3階",11.75万円,6500円,-,11.75万円,1K,25.8m2
東京メトロ丸ノ内線 西新宿駅 5階建 新築,東京都新宿区西新宿８,"
東京メトロ丸ノ内線/西新宿駅 歩4分
都営大江戸線/都庁前駅 歩12分
ＪＲ中央線/大久保駅 歩13分
","
新築
5階建
","
2階",11.15万円,65000円,-,11.15万円,1K,25.26m2
ワイズパティオ,東京都新宿区余丁町,"
都営大江戸線/若松河田駅 歩8分
東京メトロ丸ノ内線/新宿三丁目駅 歩13分
都営大江戸線/東新宿駅 歩9分
","
築5年
5階建
","
4階",16万円,10000円,16万円,16万円,1LDK,38.42m2
ワイズパティオ,東京都新宿区余丁町,"
都営大江戸線/若松河田駅 歩8分
東京メトロ丸ノ内線/新宿三丁目駅 歩13分
都営大江戸線/東新宿駅 歩9分
","
築5年
5階建
","
4階",16万円,10000円,16万円,-,1LDK,38m2
ザ・パークハウス西新宿タワー６０,東京都新宿区西新宿５,"
都営大江戸線/西新宿五丁目駅 歩7分
東京メトロ丸ノ内線/西新宿駅 歩9分
都営大江戸線/都庁前駅 歩10分
","
築5年
地下2地上60階建
","
5階",15.5万円,-,15.5万円,31万円,ワンルーム,33.9m2
ザ・パークハウス西新宿タワー６０,東京都新宿区西新宿５,"
都営大江戸線/西新宿五丁目駅 歩7分
東京メトロ丸ノ内線/西新宿駅 歩9分
都営大江戸線/都庁前駅 歩10分
","
築5年
地下2地上60階建
","
8階",17万円,-,17万円,17万円,1DK,35.66m2
ザ・パークハウス西新宿タワー６０,東京都新宿区西新宿５,"
都営大江戸線/西新宿五丁目駅 歩7分
東京メトロ丸ノ内線/西新宿駅 歩9分
都営大江戸線/都庁前駅 歩10分
","
築5年
地下2地上60階建
","
10階",18.3万円,8000円,18.3万円,18.3万円,1LDK,35.66m2
ザ・パークハウス西新宿タワー６０,東京都新宿区西新宿５,"
都営大江戸線/西新宿五丁目駅 歩7分
東京メトロ丸ノ内線/西新宿駅 歩9分
都営大江戸線/都庁前駅 歩10分
","
築5年
地下2地上60階建
","
17階",21.5万円,-,21.5万円,43万円,1LDK,47.48m2
ザ・パークハウス西新宿タワー６０,東京都新宿区西新宿５,"
都営大江戸線/西新宿五丁目駅 歩7分
東京メトロ丸ノ内線/西新宿駅 歩9分
都営大江戸線/都庁前駅 歩10分
","
築5年
地下2地上60階建
","
6階",23万円,-,23万円,46万円,1LDK,49.11m2
ザ・パークハウス西新宿タワー６０,東京都新宿区西新宿５,"
都営大江戸線/西新宿五丁目駅 歩7分
東京メトロ丸ノ内線/西新宿駅 歩9分
都営大江戸線/都庁前駅 歩10分
","
築5年
地下2地上60階建
","
5階",23.5万円,-,23.5万円,23.5万円,1LDK,46.62m2
ザ・パークハウス西新宿タワー６０,東京都新宿区西新宿５,"
都営大江戸線/西新宿五丁目駅 歩7分
東京メトロ丸ノ内線/西新宿駅 歩9分
都営大江戸線/都庁前駅 歩10分
","
築5年
地下2地上60階建
","
9階",23.8万円,-,23.8万円,23.8万円,1LDK,46.7m2
ザ・パークハウス西新宿タワー６０,東京都新宿区西新宿５,"
都営大江戸線/西新宿五丁目駅 歩7分
東京メトロ丸ノ内線/西新宿駅 歩9分
都営大江戸線/都庁前駅 歩10分
","
築5年
地下2地上60階建
","
3階",27万円,15000円,27万円,27万円,2LDK,57.94m2
ザ・パークハウス西新宿タワー６０,東京都新宿区西新宿５,"
都営大江戸線/西新宿五丁目駅 歩7分
東京メトロ丸ノ内線/西新宿駅 歩9分
都営大江戸線/都庁前駅 歩10分
","
築5年
地下2地上60階建
","
3階",27万円,15000円,27万円,27万円,2LDK,57.94m2
ザ・パークハウス西新宿タワー６０,東京都新宿区西新宿５,"
都営大江戸線/西新宿五丁目駅 歩7分
東京メトロ丸ノ内線/西新宿駅 歩9分
都営大江戸線/都庁前駅 歩10分
","
築5年
地下2地上60階建
","
35階",30.5万円,-,30.5万円,30.5万円,2LDK,57.94m2
ザ・パークハウス西新宿タワー６０,東京都新宿区西新宿５,"
都営大江戸線/西新宿五丁目駅 歩7分
東京メトロ丸ノ内線/西新宿駅 歩9分
都営大江戸線/都庁前駅 歩10分
","
築5年
地下2地上60階建
","
39階",29.8万円,10000円,29.8万円,29.8万円,2LDK,59.51m2
ザ・パークハウス西新宿タワー６０,東京都新宿区西新宿５,"
都営大江戸線/西新宿五丁目駅 歩7分
東京メトロ丸ノ内線/西新宿駅 歩9分
都営大江戸線/都庁前駅 歩10分
","
築5年
地下2地上60階建
","
45階",34.9万円,-,69.8万円,34.9万円,2SLDK,70.06m2
ザ・パークハウス西新宿タワー６０,東京都新宿区西新宿５,"
都営大江戸線/西新宿五丁目駅 歩7分
東京メトロ丸ノ内線/西新宿駅 歩9分
都営大江戸線/都庁前駅 歩10分
","
築5年
地下2地上60階建
","
17階",36万円,-,36万円,-,3LDK,71.04m2
ザ・パークハウス西新宿タワー６０,東京都新宿区西新宿５,"
都営大江戸線/西新宿五丁目駅 歩7分
東京メトロ丸ノ内線/西新宿駅 歩9分
都営大江戸線/都庁前駅 歩10分
","
築5年
地下2地上60階建
","
12階",38万円,-,38万円,38万円,3LDK,87.37m2
ザ・パークハウス西新宿タワー６０,東京都新宿区西新宿５,"
都営大江戸線/西新宿五丁目駅 歩7分
東京メトロ丸ノ内線/西新宿駅 歩9分
都営大江戸線/都庁前駅 歩10分
","
築5年
地下2地上60階建
","
40階",38万円,-,38万円,38万円,3LDK,70.06m2
ザ・パークハウス西新宿タワー６０,東京都新宿区西新宿５,"
都営大江戸線/西新宿五丁目駅 歩7分
東京メトロ丸ノ内線/西新宿駅 歩9分
都営大江戸線/都庁前駅 歩10分
","
築5年
地下2地上60階建
","
40階",38万円,-,38万円,38万円,3SLDK,70.06m2
ザ・パークハウス西新宿タワー６０,東京都新宿区西新宿５,"
都営大江戸線/西新宿五丁目駅 歩7分
東京メトロ丸ノ内線/西新宿駅 歩9分
都営大江戸線/都庁前駅 歩10分
","
築5年
地下2地上60階建
","
51階",39万円,15000円,39万円,39万円,2SLDK,87.37m2
ザ・パークハウス西新宿タワー６０,東京都新宿区西新宿５,"
都営大江戸線/西新宿五丁目駅 歩7分
東京メトロ丸ノ内線/西新宿駅 歩9分
都営大江戸線/都庁前駅 歩10分
","
築5年
地下2地上60階建
","
51階",39万円,15000円,39万円,39万円,2LDK,87.37m2
デイームス東新宿,東京都新宿区新宿７,"
都営大江戸線/東新宿駅 歩4分
ＪＲ山手線/新大久保駅 歩12分
東京メトロ副都心線/東新宿駅 歩4分
","
新築
10階建
","
5階",12万円,8000円,12万円,-,1K,25.3m2
デイームス東新宿,東京都新宿区新宿７,"
都営大江戸線/東新宿駅 歩4分
ＪＲ山手線/新大久保駅 歩12分
東京メトロ副都心線/東新宿駅 歩4分
","
新築
10階建
","
6階",12.1万円,8000円,12.1万円,-,1K,25.3m2
デイームス東新宿,東京都新宿区新宿７,"
都営大江戸線/東新宿駅 歩4分
ＪＲ山手線/新大久保駅 歩12分
東京メトロ副都心線/東新宿駅 歩4分
","
新築
10階建
","
5階",12.6万円,8000円,12.6万円,-,1K,26.88m2
パークハウス牛込神楽坂,東京都新宿区箪笥町,"
都営大江戸線/牛込神楽坂駅 歩1分
東京メトロ東西線/神楽坂駅 歩7分
東京メトロ南北線/飯田橋駅 歩10分
","
築11年
地下1地上14階建
","
7階",18.5万円,10000円,18.5万円,18.5万円,1LDK,41.46m2
東京メトロ丸ノ内線 四谷三丁目駅 地下1地上4階建 新築,東京都新宿区大京町,"
東京メトロ丸ノ内線/四谷三丁目駅 歩4分
ＪＲ中央線/信濃町駅 歩10分

","
新築
地下1地上4階建
","
2階",11.2万円,10000円,-,11.2万円,ワンルーム,22.27m2
東京メトロ丸ノ内線 四谷三丁目駅 地下1地上4階建 新築,東京都新宿区大京町,"
東京メトロ丸ノ内線/四谷三丁目駅 歩4分
ＪＲ中央線/信濃町駅 歩10分

","
新築
地下1地上4階建
","
3階",11.3万円,10000円,-,11.3万円,ワンルーム,22.27m2
東京メトロ丸ノ内線 四谷三丁目駅 地下1地上4階建 新築,東京都新宿区大京町,"
東京メトロ丸ノ内線/四谷三丁目駅 歩4分
ＪＲ中央線/信濃町駅 歩10分

","
新築
地下1地上4階建
","
2階",11.5万円,10000円,-,11.5万円,ワンルーム,22.7m2
東京メトロ丸ノ内線 四谷三丁目駅 地下1地上4階建 新築,東京都新宿区大京町,"
東京メトロ丸ノ内線/四谷三丁目駅 歩4分
ＪＲ中央線/信濃町駅 歩10分

","
新築
地下1地上4階建
","
2階",11.5万円,10000円,-,11.5万円,ワンルーム,22.12m2
東京メトロ丸ノ内線 四谷三丁目駅 地下1地上4階建 新築,東京都新宿区大京町,"
東京メトロ丸ノ内線/四谷三丁目駅 歩4分
ＪＲ中央線/信濃町駅 歩10分

","
新築
地下1地上4階建
","
2階",11.6万円,10000円,-,11.6万円,ワンルーム,23.1m2
東京メトロ丸ノ内線 四谷三丁目駅 地下1地上4階建 新築,東京都新宿区大京町,"
東京メトロ丸ノ内線/四谷三丁目駅 歩4分
ＪＲ中央線/信濃町駅 歩10分

","
新築
地下1地上4階建
","
3階",11.6万円,10000円,-,11.6万円,ワンルーム,22.7m2
東京メトロ丸ノ内線 四谷三丁目駅 地下1地上4階建 新築,東京都新宿区大京町,"
東京メトロ丸ノ内線/四谷三丁目駅 歩4分
ＪＲ中央線/信濃町駅 歩10分

","
新築
地下1地上4階建
","
3階",11.6万円,10000円,-,11.6万円,ワンルーム,22.12m2
東京メトロ丸ノ内線 四谷三丁目駅 地下1地上4階建 新築,東京都新宿区大京町,"
東京メトロ丸ノ内線/四谷三丁目駅 歩4分
ＪＲ中央線/信濃町駅 歩10分

","
新築
地下1地上4階建
","
4階",11.7万円,10000円,-,11.7万円,ワンルーム,22.12m2
東京メトロ丸ノ内線 四谷三丁目駅 地下1地上4階建 新築,東京都新宿区大京町,"
東京メトロ丸ノ内線/四谷三丁目駅 歩4分
ＪＲ中央線/信濃町駅 歩10分

","
新築
地下1地上4階建
","
2階",13.6万円,10000円,-,13.6万円,ワンルーム,30.95m2
東京メトロ丸ノ内線 四谷三丁目駅 地下1地上4階建 新築,東京都新宿区大京町,"
東京メトロ丸ノ内線/四谷三丁目駅 歩4分
ＪＲ中央線/信濃町駅 歩10分

","
新築
地下1地上4階建
","
3階",13.7万円,10000円,-,13.7万円,ワンルーム,30.95m2
東京メトロ丸ノ内線 四谷三丁目駅 地下1地上4階建 新築,東京都新宿区大京町,"
東京メトロ丸ノ内線/四谷三丁目駅 歩4分
ＪＲ中央線/信濃町駅 歩10分

","
新築
地下1地上4階建
","
1階",21.6万円,10000円,-,21.6万円,1LDK,43.87m2
東京メトロ丸ノ内線 四谷三丁目駅 地下1地上4階建 新築,東京都新宿区大京町,"
東京メトロ丸ノ内線/四谷三丁目駅 歩4分
ＪＲ中央線/信濃町駅 歩10分

","
新築
地下1地上4階建
","
1階",21.7万円,10000円,-,21.7万円,1LDK,44.99m2
ガラ・ステージ市ヶ谷弐番館,東京都新宿区市谷薬王寺町,"
都営大江戸線/牛込柳町駅 歩5分
都営新宿線/曙橋駅 歩6分
東京メトロ丸ノ内線/四谷三丁目駅 歩14分
","
築21年
12階建
","
8階",7.6万円,9000円,7.6万円,7.6万円,1K,20.9m2
ガラ・ステージ市ヶ谷弐番館,東京都新宿区市谷薬王寺町,"
都営大江戸線/牛込柳町駅 歩5分
都営新宿線/曙橋駅 歩6分
東京メトロ丸ノ内線/四谷三丁目駅 歩14分
","
築21年
12階建
","
2階",7.6万円,9000円,7.6万円,7.6万円,1K,20.9m2
ガラ・ステージ市ヶ谷弐番館,東京都新宿区市谷薬王寺町,"
都営大江戸線/牛込柳町駅 歩5分
都営新宿線/曙橋駅 歩6分
東京メトロ丸ノ内線/四谷三丁目駅 歩14分
","
築21年
12階建
","
8階",7.6万円,9000円,7.6万円,7.6万円,1K,20.9m2
ガラ・ステージ市ヶ谷弐番館,東京都新宿区市谷薬王寺町,"
都営大江戸線/牛込柳町駅 歩5分
都営新宿線/曙橋駅 歩6分
東京メトロ丸ノ内線/四谷三丁目駅 歩14分
","
築21年
12階建
","
2階",7.7万円,9000円,7.7万円,11.55万円,1K,20.9m2
ガラ・ステージ市ヶ谷弐番館,東京都新宿区市谷薬王寺町,"
都営大江戸線/牛込柳町駅 歩5分
都営新宿線/曙橋駅 歩6分
東京メトロ丸ノ内線/四谷三丁目駅 歩14分
","
築21年
12階建
","
2階",7.7万円,9000円,7.7万円,15.4万円,1K,20.9m2
ガラ・ステージ市ヶ谷弐番館,東京都新宿区市谷薬王寺町,"
都営大江戸線/牛込柳町駅 歩5分
都営新宿線/曙橋駅 歩6分
東京メトロ丸ノ内線/四谷三丁目駅 歩14分
","
築21年
12階建
","
6階",9.8万円,8000円,-,9.8万円,1K,27.13m2
ガラ・ステージ市ヶ谷弐番館,東京都新宿区市谷薬王寺町,"
都営大江戸線/牛込柳町駅 歩5分
都営新宿線/曙橋駅 歩6分
東京メトロ丸ノ内線/四谷三丁目駅 歩14分
","
築21年
12階建
","
6階",9.8万円,8000円,-,-,1K,27.13m2
ガラ・ステージ市ヶ谷弐番館,東京都新宿区市谷薬王寺町,"
都営大江戸線/牛込柳町駅 歩5分
都営新宿線/曙橋駅 歩6分
東京メトロ丸ノ内線/四谷三丁目駅 歩14分
","
築21年
12階建
","
9階",10.3万円,9000円,10.3万円,15.45万円,1K,27.13m2
ガラ・ステージ市ヶ谷弐番館,東京都新宿区市谷薬王寺町,"
都営大江戸線/牛込柳町駅 歩5分
都営新宿線/曙橋駅 歩6分
東京メトロ丸ノ内線/四谷三丁目駅 歩14分
","
築21年
12階建
","
11階",10.3万円,9000円,10.3万円,10.3万円,1K,27.13m2
ガラ・ステージ市ヶ谷弐番館,東京都新宿区市谷薬王寺町,"
都営大江戸線/牛込柳町駅 歩5分
都営新宿線/曙橋駅 歩6分
東京メトロ丸ノ内線/四谷三丁目駅 歩14分
","
築21年
12階建
","
9階",10.3万円,9000円,10.3万円,15.45万円,1K,27.13m2
ガラ・ステージ市ヶ谷弐番館,東京都新宿区市谷薬王寺町,"
都営大江戸線/牛込柳町駅 歩5分
都営新宿線/曙橋駅 歩6分
東京メトロ丸ノ内線/四谷三丁目駅 歩14分
","
築21年
12階建
","
9階",10.3万円,9000円,10.3万円,15.45万円,1K,27.13m2
ガラ・ステージ市ヶ谷弐番館,東京都新宿区市谷薬王寺町,"
都営大江戸線/牛込柳町駅 歩5分
都営新宿線/曙橋駅 歩6分
東京メトロ丸ノ内線/四谷三丁目駅 歩14分
","
築21年
12階建
","
11階",10.3万円,10000円,10.3万円,10.3万円,1K,27.13m2
レグノ・セレーノ,東京都新宿区北新宿３,"
ＪＲ山手線/新大久保駅 歩7分
ＪＲ中央線/大久保駅 歩3分
東京メトロ丸ノ内線/西新宿駅 歩15分
","
築14年
地下2地上24階建
","
2階",11.5万円,8000円,11.5万円,11.5万円,ワンルーム,29m2
レグノ・セレーノ,東京都新宿区北新宿３,"
ＪＲ山手線/新大久保駅 歩7分
ＪＲ中央線/大久保駅 歩3分
東京メトロ丸ノ内線/西新宿駅 歩15分
","
築14年
地下2地上24階建
","
7階",11.75万円,8000円,11.75万円,11.75万円,1K,29m2
レグノ・セレーノ,東京都新宿区北新宿３,"
ＪＲ山手線/新大久保駅 歩7分
ＪＲ中央線/大久保駅 歩3分
東京メトロ丸ノ内線/西新宿駅 歩15分
","
築14年
地下2地上24階建
","
2階",25万円,15000円,50万円,-,1LDK,68.47m2
ズーム新宿夏目坂,東京都新宿区若松町,"
都営大江戸線/若松河田駅 歩4分
都営大江戸線/牛込柳町駅 歩6分
東京メトロ東西線/早稲田駅 歩7分
","
築3年
10階建
","
4階",10.9万円,6000円,10.9万円,10.9万円,1K,24.86m2
ズーム新宿夏目坂,東京都新宿区若松町,"
都営大江戸線/若松河田駅 歩4分
都営大江戸線/牛込柳町駅 歩6分
東京メトロ東西線/早稲田駅 歩7分
","
築3年
10階建
","
8階",15.3万円,7000円,15.3万円,15.3万円,1K,36.65m2
ズーム新宿夏目坂,東京都新宿区若松町,"
都営大江戸線/若松河田駅 歩4分
都営大江戸線/牛込柳町駅 歩6分
東京メトロ東西線/早稲田駅 歩7分
","
築3年
10階建
","
9階",15.6万円,7000円,15.6万円,15.6万円,ワンルーム,36.45m2
ズーム新宿夏目坂,東京都新宿区若松町,"
都営大江戸線/若松河田駅 歩4分
都営大江戸線/牛込柳町駅 歩6分
東京メトロ東西線/早稲田駅 歩7分
","
築3年
10階建
","
3階",16.1万円,7000円,16.1万円,16.1万円,1LDK,38.96m2
ＴＡＳ四谷レジデンス,東京都新宿区四谷三栄町,"
ＪＲ中央線/四ツ谷駅 歩4分
都営新宿線/曙橋駅 歩13分
東京メトロ丸ノ内線/四谷三丁目駅 歩10分
","
築1年
5階建
","
3階",17.9万円,14000円,17.9万円,-,1LDK,35.52m2
ＴＡＳ四谷レジデンス,東京都新宿区四谷三栄町,"
ＪＲ中央線/四ツ谷駅 歩4分
都営新宿線/曙橋駅 歩13分
東京メトロ丸ノ内線/四谷三丁目駅 歩10分
","
築1年
5階建
","
5階",30.6万円,14000円,30.6万円,-,1LDK,60.23m2
ＴＡＳ四谷レジデンス,東京都新宿区四谷三栄町,"
ＪＲ中央線/四ツ谷駅 歩4分
都営新宿線/曙橋駅 歩13分
東京メトロ丸ノ内線/四谷三丁目駅 歩10分
","
築1年
5階建
","
5階",31.4万円,14000円,31.4万円,-,1LDK,60.23m2
ファーストリアルタワー新宿,東京都新宿区西新宿７,"
都営大江戸線/新宿西口駅 歩4分
ＪＲ山手線/新宿駅 歩8分
西武新宿線/西武新宿駅 歩5分
","
築16年
地下2地上32階建
","
10階",11.1万円,10000円,11.1万円,-,1K,22.32m2
ファーストリアルタワー新宿,東京都新宿区西新宿７,"
都営大江戸線/新宿西口駅 歩4分
ＪＲ山手線/新宿駅 歩8分
西武新宿線/西武新宿駅 歩5分
","
築16年
地下2地上32階建
","
11階",11.2万円,10000円,11.2万円,-,1K,21.47m2
ファーストリアルタワー新宿,東京都新宿区西新宿７,"
都営大江戸線/新宿西口駅 歩4分
ＪＲ山手線/新宿駅 歩8分
西武新宿線/西武新宿駅 歩5分
","
築16年
地下2地上32階建
","
12階",11.25万円,10000円,11.25万円,11.25万円,1K,21.47m2
ファーストリアルタワー新宿,東京都新宿区西新宿７,"
都営大江戸線/新宿西口駅 歩4分
ＪＲ山手線/新宿駅 歩8分
西武新宿線/西武新宿駅 歩5分
","
築16年
地下2地上32階建
","
6階",11.5万円,10000円,-,11.5万円,1K,22.91m2
ファーストリアルタワー新宿,東京都新宿区西新宿７,"
都営大江戸線/新宿西口駅 歩4分
ＪＲ山手線/新宿駅 歩8分
西武新宿線/西武新宿駅 歩5分
","
築16年
地下2地上32階建
","
6階",11.5万円,10000円,11.5万円,-,1K,22.91m2
ファーストリアルタワー新宿,東京都新宿区西新宿７,"
都営大江戸線/新宿西口駅 歩4分
ＪＲ山手線/新宿駅 歩8分
西武新宿線/西武新宿駅 歩5分
","
築16年
地下2地上32階建
","
10階",11.6万円,10000円,11.6万円,-,1K,22.32m2
ファーストリアルタワー新宿,東京都新宿区西新宿７,"
都営大江戸線/新宿西口駅 歩4分
ＪＲ山手線/新宿駅 歩8分
西武新宿線/西武新宿駅 歩5分
","
築16年
地下2地上32階建
","
10階",11.8万円,10000円,11.8万円,-,1K,22.91m2
ファーストリアルタワー新宿,東京都新宿区西新宿７,"
都営大江戸線/新宿西口駅 歩4分
ＪＲ山手線/新宿駅 歩8分
西武新宿線/西武新宿駅 歩5分
","
築16年
地下2地上32階建
","
11階",11.8万円,10000円,11.8万円,-,1K,21.47m2
ファーストリアルタワー新宿,東京都新宿区西新宿７,"
都営大江戸線/新宿西口駅 歩4分
ＪＲ山手線/新宿駅 歩8分
西武新宿線/西武新宿駅 歩5分
","
築16年
地下2地上32階建
","
15階",12万円,10000円,12万円,-,1K,22.91m2
ファーストリアルタワー新宿,東京都新宿区西新宿７,"
都営大江戸線/新宿西口駅 歩4分
ＪＲ山手線/新宿駅 歩8分
西武新宿線/西武新宿駅 歩5分
","
築16年
地下2地上32階建
","
10階",12万円,10000円,12万円,-,1K,22.91m2
ファーストリアルタワー新宿,東京都新宿区西新宿７,"
都営大江戸線/新宿西口駅 歩4分
ＪＲ山手線/新宿駅 歩8分
西武新宿線/西武新宿駅 歩5分
","
築16年
地下2地上32階建
","
14階",12.2万円,10000円,-,12.2万円,1K,24.04m2
ファーストリアルタワー新宿,東京都新宿区西新宿７,"
都営大江戸線/新宿西口駅 歩4分
ＪＲ山手線/新宿駅 歩8分
西武新宿線/西武新宿駅 歩5分
","
築16年
地下2地上32階建
","
17階",12.2万円,10000円,12.2万円,-,1K,23.89m2
ファーストリアルタワー新宿,東京都新宿区西新宿７,"
都営大江戸線/新宿西口駅 歩4分
ＪＲ山手線/新宿駅 歩8分
西武新宿線/西武新宿駅 歩5分
","
築16年
地下2地上32階建
","
10階",12.5万円,10000円,12.5万円,12.5万円,1K,25.76m2
ファーストリアルタワー新宿,東京都新宿区西新宿７,"
都営大江戸線/新宿西口駅 歩4分
ＪＲ山手線/新宿駅 歩8分
西武新宿線/西武新宿駅 歩5分
","
築16年
地下2地上32階建
","
18階",12.5万円,10000円,12.5万円,-,1K,24.04m2
ファーストリアルタワー新宿,東京都新宿区西新宿７,"
都営大江戸線/新宿西口駅 歩4分
ＪＲ山手線/新宿駅 歩8分
西武新宿線/西武新宿駅 歩5分
","
築16年
地下2地上32階建
","
18階",12.5万円,10000円,-,12.5万円,1K,22.91m2
ファーストリアルタワー新宿,東京都新宿区西新宿７,"
都営大江戸線/新宿西口駅 歩4分
ＪＲ山手線/新宿駅 歩8分
西武新宿線/西武新宿駅 歩5分
","
築16年
地下2地上32階建
","
7階",12.5万円,10000円,-,12.5万円,1K,22.86m2
ファーストリアルタワー新宿,東京都新宿区西新宿７,"
都営大江戸線/新宿西口駅 歩4分
ＪＲ山手線/新宿駅 歩8分
西武新宿線/西武新宿駅 歩5分
","
築16年
地下2地上32階建
","
17階",12.5万円,10000円,12.5万円,-,1K,21.47m2
ファーストリアルタワー新宿,東京都新宿区西新宿７,"
都営大江戸線/新宿西口駅 歩4分
ＪＲ山手線/新宿駅 歩8分
西武新宿線/西武新宿駅 歩5分
","
築16年
地下2地上32階建
","
13階",12.6万円,10000円,-,12.6万円,1K,25.76m2
ファーストリアルタワー新宿,東京都新宿区西新宿７,"
都営大江戸線/新宿西口駅 歩4分
ＪＲ山手線/新宿駅 歩8分
西武新宿線/西武新宿駅 歩5分
","
築16年
地下2地上32階建
","
17階",12.7万円,10000円,12.7万円,-,1K,23.89m2
ファーストリアルタワー新宿,東京都新宿区西新宿７,"
都営大江戸線/新宿西口駅 歩4分
ＪＲ山手線/新宿駅 歩8分
西武新宿線/西武新宿駅 歩5分
","
築16年
地下2地上32階建
","
20階",13万円,10000円,13万円,-,1K,23.89m2
ファーストリアルタワー新宿,東京都新宿区西新宿７,"
都営大江戸線/新宿西口駅 歩4分
ＪＲ山手線/新宿駅 歩8分
西武新宿線/西武新宿駅 歩5分
","
築16年
地下2地上32階建
","
19階",14万円,10000円,14万円,-,1K,25.76m2
ファーストリアルタワー新宿,東京都新宿区西新宿７,"
都営大江戸線/新宿西口駅 歩4分
ＪＲ山手線/新宿駅 歩8分
西武新宿線/西武新宿駅 歩5分
","
築16年
地下2地上32階建
","
22階",22万円,18000円,22万円,22万円,1LDK,45.82m2
ファーストリアルタワー新宿,東京都新宿区西新宿７,"
都営大江戸線/新宿西口駅 歩4分
ＪＲ山手線/新宿駅 歩8分
西武新宿線/西武新宿駅 歩5分
","
築16年
地下2地上32階建
","
22階",22.4万円,18000円,22.4万円,22.4万円,1LDK,45.82m2
ファーストリアルタワー新宿,東京都新宿区西新宿７,"
都営大江戸線/新宿西口駅 歩4分
ＪＲ山手線/新宿駅 歩8分
西武新宿線/西武新宿駅 歩5分
","
築16年
地下2地上32階建
","
28階",22.7万円,18000円,22.7万円,22.7万円,1LDK,47.74m2
ファーストリアルタワー新宿,東京都新宿区西新宿７,"
都営大江戸線/新宿西口駅 歩4分
ＪＲ山手線/新宿駅 歩8分
西武新宿線/西武新宿駅 歩5分
","
築16年
地下2地上32階建
","
3階",26.5万円,10000円,26.5万円,-,1K,53.2m2
東京メトロ副都心線 東新宿駅 14階建 築14年,東京都新宿区大久保２,"
東京メトロ副都心線/東新宿駅 歩3分
都営大江戸線/東新宿駅 歩5分
ＪＲ山手線/新大久保駅 歩10分
","
築14年
14階建
","
2階",7.05万円,12000円,7.05万円,14.1万円,1K,21m2
東京メトロ副都心線 東新宿駅 14階建 築14年,東京都新宿区大久保２,"
東京メトロ副都心線/東新宿駅 歩3分
都営大江戸線/東新宿駅 歩5分
ＪＲ山手線/新大久保駅 歩10分
","
築14年
14階建
","
4階",8.3万円,12000円,8.3万円,16.6万円,1K,25m2
東京メトロ副都心線 東新宿駅 14階建 築14年,東京都新宿区大久保２,"
東京メトロ副都心線/東新宿駅 歩3分
都営大江戸線/東新宿駅 歩5分
ＪＲ山手線/新大久保駅 歩10分
","
築14年
14階建
","
9階",9万円,6000円,9万円,-,1K,21.36m2
東京メトロ副都心線 東新宿駅 14階建 築14年,東京都新宿区大久保２,"
東京メトロ副都心線/東新宿駅 歩3分
都営大江戸線/東新宿駅 歩5分
ＪＲ山手線/新大久保駅 歩10分
","
築14年
14階建
","
7階",9.2万円,6000円,9.2万円,9.2万円,1K,21.36m2
東京メトロ副都心線 東新宿駅 14階建 築14年,東京都新宿区大久保２,"
東京メトロ副都心線/東新宿駅 歩3分
都営大江戸線/東新宿駅 歩5分
ＪＲ山手線/新大久保駅 歩10分
","
築14年
14階建
","
11階",9.2万円,6000円,9.2万円,-,1K,20.52m2
東京メトロ副都心線 東新宿駅 14階建 築14年,東京都新宿区大久保２,"
東京メトロ副都心線/東新宿駅 歩3分
都営大江戸線/東新宿駅 歩5分
ＪＲ山手線/新大久保駅 歩10分
","
築14年
14階建
","
11階",9.3万円,6000円,9.3万円,-,1K,21.36m2
東京メトロ副都心線 東新宿駅 14階建 築14年,東京都新宿区大久保２,"
東京メトロ副都心線/東新宿駅 歩3分
都営大江戸線/東新宿駅 歩5分
ＪＲ山手線/新大久保駅 歩10分
","
築14年
14階建
","
11階",9.4万円,6000円,9.4万円,-,1K,21.36m2
東京メトロ副都心線 東新宿駅 14階建 築14年,東京都新宿区大久保２,"
東京メトロ副都心線/東新宿駅 歩3分
都営大江戸線/東新宿駅 歩5分
ＪＲ山手線/新大久保駅 歩10分
","
築14年
14階建
","
10階",9.4万円,6000円,9.4万円,9.4万円,1K,20.52m2
東京メトロ副都心線 東新宿駅 14階建 築14年,東京都新宿区大久保２,"
東京メトロ副都心線/東新宿駅 歩3分
都営大江戸線/東新宿駅 歩5分
ＪＲ山手線/新大久保駅 歩10分
","
築14年
14階建
","
11階",9.4万円,6000円,9.4万円,9.4万円,1K,20.52m2
東京メトロ副都心線 東新宿駅 14階建 築14年,東京都新宿区大久保２,"
東京メトロ副都心線/東新宿駅 歩3分
都営大江戸線/東新宿駅 歩5分
ＪＲ山手線/新大久保駅 歩10分
","
築14年
14階建
","
7階",9.5万円,6000円,9.5万円,9.5万円,1K,23.4m2
東京メトロ副都心線 東新宿駅 14階建 築14年,東京都新宿区大久保２,"
東京メトロ副都心線/東新宿駅 歩3分
都営大江戸線/東新宿駅 歩5分
ＪＲ山手線/新大久保駅 歩10分
","
築14年
14階建
","
7階",9.7万円,6000円,9.7万円,-,1K,23.4m2
東京メトロ副都心線 東新宿駅 14階建 築14年,東京都新宿区大久保２,"
東京メトロ副都心線/東新宿駅 歩3分
都営大江戸線/東新宿駅 歩5分
ＪＲ山手線/新大久保駅 歩10分
","
築14年
14階建
","
7階",9.9万円,6000円,9.9万円,-,1K,24.57m2
東京メトロ副都心線 東新宿駅 14階建 築14年,東京都新宿区大久保２,"
東京メトロ副都心線/東新宿駅 歩3分
都営大江戸線/東新宿駅 歩5分
ＪＲ山手線/新大久保駅 歩10分
","
築14年
14階建
","
10階",9.9万円,6000円,9.9万円,-,1K,23.4m2
東京メトロ副都心線 東新宿駅 14階建 築14年,東京都新宿区大久保２,"
東京メトロ副都心線/東新宿駅 歩3分
都営大江戸線/東新宿駅 歩5分
ＪＲ山手線/新大久保駅 歩10分
","
築14年
14階建
","
7階",10万円,6000円,10万円,-,1K,25.24m2
東京メトロ副都心線 東新宿駅 14階建 築14年,東京都新宿区大久保２,"
東京メトロ副都心線/東新宿駅 歩3分
都営大江戸線/東新宿駅 歩5分
ＪＲ山手線/新大久保駅 歩10分
","
築14年
14階建
","
10階",10.1万円,6000円,10.1万円,10.1万円,1K,23.4m2
東京メトロ副都心線 東新宿駅 14階建 築14年,東京都新宿区大久保２,"
東京メトロ副都心線/東新宿駅 歩3分
都営大江戸線/東新宿駅 歩5分
ＪＲ山手線/新大久保駅 歩10分
","
築14年
14階建
","
7階",10.2万円,6000円,10.2万円,10.2万円,1K,24.57m2
グランカーサ新宿御苑,東京都新宿区新宿１,"
東京メトロ丸ノ内線/新宿御苑前駅 歩5分
都営新宿線/新宿三丁目駅 歩6分
都営大江戸線/東新宿駅 歩14分
","
築19年
14階建
","
5階",11.5万円,8000円,11.5万円,11.5万円,ワンルーム,30.3m2
グランカーサ新宿御苑,東京都新宿区新宿１,"
東京メトロ丸ノ内線/新宿御苑前駅 歩5分
都営新宿線/新宿三丁目駅 歩6分
都営大江戸線/東新宿駅 歩14分
","
築19年
14階建
","
3階",11.6万円,8000円,11.6万円,11.6万円,ワンルーム,30.3m2
グランカーサ新宿御苑,東京都新宿区新宿１,"
東京メトロ丸ノ内線/新宿御苑前駅 歩5分
都営新宿線/新宿三丁目駅 歩6分
都営大江戸線/東新宿駅 歩14分
","
築19年
14階建
","
9階",11.8万円,8000円,11.8万円,11.8万円,ワンルーム,30.3m2
グランカーサ新宿御苑,東京都新宿区新宿１,"
東京メトロ丸ノ内線/新宿御苑前駅 歩5分
都営新宿線/新宿三丁目駅 歩6分
都営大江戸線/東新宿駅 歩14分
","
築19年
14階建
","
9階",14.9万円,8000円,14.9万円,14.9万円,1LDK,36.25m2
西武新宿線 下落合駅 7階建 築19年,東京都新宿区上落合１,"
西武新宿線/下落合駅 歩4分
都営大江戸線/中井駅 歩6分
東京メトロ東西線/落合駅 歩9分
","
築19年
7階建
","
1階",6.9万円,6000円,-,-,1K,20.33m2
西武新宿線 下落合駅 7階建 築19年,東京都新宿区上落合１,"
西武新宿線/下落合駅 歩4分
都営大江戸線/中井駅 歩6分
東京メトロ東西線/落合駅 歩9分
","
築19年
7階建
","
2階",7.2万円,7000円,-,7.2万円,1K,20.41m2
西武新宿線 下落合駅 7階建 築19年,東京都新宿区上落合１,"
西武新宿線/下落合駅 歩4分
都営大江戸線/中井駅 歩6分
東京メトロ東西線/落合駅 歩9分
","
築19年
7階建
","
2階",7.4万円,5000円,7.4万円,7.4万円,1K,20.33m2
西武新宿線 下落合駅 7階建 築19年,東京都新宿区上落合１,"
西武新宿線/下落合駅 歩4分
都営大江戸線/中井駅 歩6分
東京メトロ東西線/落合駅 歩9分
","
築19年
7階建
","
2階",7.4万円,5000円,7.4万円,7.4万円,1K,20.33m2
西武新宿線 下落合駅 7階建 築19年,東京都新宿区上落合１,"
西武新宿線/下落合駅 歩4分
都営大江戸線/中井駅 歩6分
東京メトロ東西線/落合駅 歩9分
","
築19年
7階建
","
1階",7.2万円,8000円,7.2万円,7.2万円,1K,20.41m2
西武新宿線 下落合駅 7階建 築19年,東京都新宿区上落合１,"
西武新宿線/下落合駅 歩4分
都営大江戸線/中井駅 歩6分
東京メトロ東西線/落合駅 歩9分
","
築19年
7階建
","
1階",8万円,-,8万円,8万円,1K,20.33m2
西武新宿線 下落合駅 7階建 築19年,東京都新宿区上落合１,"
西武新宿線/下落合駅 歩4分
都営大江戸線/中井駅 歩6分
東京メトロ東西線/落合駅 歩9分
","
築19年
7階建
","
4階",7.6万円,8000円,-,-,1K,20.89m2
都営大江戸線 若松河田駅 6階建 築17年,東京都新宿区河田町,"
都営大江戸線/若松河田駅 歩6分
都営新宿線/曙橋駅 歩8分
都営大江戸線/牛込柳町駅 歩10分
","
築17年
6階建
","
5階",9万円,5000円,-,-,1K,20.5m2
都営大江戸線 若松河田駅 6階建 築17年,東京都新宿区河田町,"
都営大江戸線/若松河田駅 歩6分
都営新宿線/曙橋駅 歩8分
都営大江戸線/牛込柳町駅 歩10分
","
築17年
6階建
","
6階",9万円,5000円,-,-,1K,19.68m2
都営大江戸線 若松河田駅 6階建 築17年,東京都新宿区河田町,"
都営大江戸線/若松河田駅 歩6分
都営新宿線/曙橋駅 歩8分
都営大江戸線/牛込柳町駅 歩10分
","
築17年
6階建
","
6階",9.3万円,6000円,9.3万円,9.3万円,1K,17.94m2
都営大江戸線 若松河田駅 6階建 築17年,東京都新宿区河田町,"
都営大江戸線/若松河田駅 歩6分
都営新宿線/曙橋駅 歩8分
都営大江戸線/牛込柳町駅 歩10分
","
築17年
6階建
","
4階",9.3万円,6000円,9.3万円,9.3万円,1K,17.94m2
都営大江戸線 若松河田駅 6階建 築17年,東京都新宿区河田町,"
都営大江戸線/若松河田駅 歩6分
都営新宿線/曙橋駅 歩8分
都営大江戸線/牛込柳町駅 歩10分
","
築17年
6階建
","
6階",9.4万円,6000円,9.4万円,9.4万円,1K,20.5m2
都営大江戸線 若松河田駅 6階建 築17年,東京都新宿区河田町,"
都営大江戸線/若松河田駅 歩6分
都営新宿線/曙橋駅 歩8分
都営大江戸線/牛込柳町駅 歩10分
","
築17年
6階建
","
6階",10万円,5000円,-,-,1K,19.68m2
エスタシオン西新宿,東京都新宿区西新宿４,"
都営大江戸線/西新宿五丁目駅 歩2分
東京メトロ丸ノ内線/中野坂上駅 歩15分
京王新線/初台駅 歩16分
","
築24年
地下2地上11階建
","
3階",15.4万円,8000円,15.4万円,15.4万円,1LDK,57.83m2
エスタシオン西新宿,東京都新宿区西新宿４,"
都営大江戸線/西新宿五丁目駅 歩2分
東京メトロ丸ノ内線/中野坂上駅 歩15分
京王新線/初台駅 歩16分
","
築24年
地下2地上11階建
","
6階",16.6万円,8000円,16.6万円,16.6万円,1LDK,59.09m2
都営大江戸線 西新宿五丁目駅 10階建 築20年,東京都新宿区西新宿６,"
都営大江戸線/西新宿五丁目駅 歩6分
都営大江戸線/都庁前駅 歩9分
東京メトロ丸ノ内線/西新宿駅 歩10分
","
築20年
10階建
","
8階",8.7万円,7000円,8.7万円,-,ワンルーム,23.26m2
都営大江戸線 西新宿五丁目駅 10階建 築20年,東京都新宿区西新宿６,"
都営大江戸線/西新宿五丁目駅 歩6分
都営大江戸線/都庁前駅 歩9分
東京メトロ丸ノ内線/西新宿駅 歩10分
","
築20年
10階建
","
3階",12.8万円,7000円,12.8万円,-,ワンルーム,32.38m2
都営大江戸線 西新宿五丁目駅 10階建 築20年,東京都新宿区西新宿６,"
都営大江戸線/西新宿五丁目駅 歩6分
都営大江戸線/都庁前駅 歩9分
東京メトロ丸ノ内線/西新宿駅 歩10分
","
築20年
10階建
","
3階",13万円,7000円,13万円,-,ワンルーム,34.54m2
都営大江戸線 西新宿五丁目駅 10階建 築20年,東京都新宿区西新宿６,"
都営大江戸線/西新宿五丁目駅 歩6分
都営大江戸線/都庁前駅 歩9分
東京メトロ丸ノ内線/西新宿駅 歩10分
","
築20年
10階建
","
5階",13.1万円,7000円,13.1万円,-,ワンルーム,34.54m2
都営大江戸線 西新宿五丁目駅 10階建 築20年,東京都新宿区西新宿６,"
都営大江戸線/西新宿五丁目駅 歩6分
都営大江戸線/都庁前駅 歩9分
東京メトロ丸ノ内線/西新宿駅 歩10分
","
築20年
10階建
","
7階",13.7万円,7000円,13.7万円,-,ワンルーム,34.54m2
U-PLANT,東京都新宿区中落合３,"
西武新宿線/中井駅 歩8分
都営大江戸線/落合南長崎駅 歩8分
東京メトロ東西線/落合駅 歩14分
","
築4年
地下1地上3階建
","
1階",12.1万円,6000円,12.1万円,12.1万円,1DK,39.66m2
U-PLANT,東京都新宿区中落合３,"
西武新宿線/中井駅 歩8分
都営大江戸線/落合南長崎駅 歩8分
東京メトロ東西線/落合駅 歩14分
","
築4年
地下1地上3階建
","
1階",15万円,6000円,15万円,15万円,1LDK,48.49m2
ルミエール下落合,東京都新宿区下落合４,"
ＪＲ山手線/高田馬場駅 歩10分
ＪＲ山手線/目白駅 歩11分
西武新宿線/下落合駅 歩6分
","
築4年
3階建
","
2階",14.8万円,7000円,14.8万円,14.8万円,1LDK,47.15m2
グランド・ガーラ新宿,東京都新宿区北新宿１,"
東京メトロ丸ノ内線/西新宿駅 歩7分
ＪＲ総武線/大久保駅 歩5分
ＪＲ山手線/新宿駅 歩12分
","
築15年
15階建
","
2階",8.65万円,9000円,8.65万円,17.3万円,1K,22.28m2
グランド・ガーラ新宿,東京都新宿区北新宿１,"
東京メトロ丸ノ内線/西新宿駅 歩7分
ＪＲ総武線/大久保駅 歩5分
ＪＲ山手線/新宿駅 歩12分
","
築15年
15階建
","
2階",8.7万円,9000円,8.7万円,17.4万円,1K,22.6m2
グランド・ガーラ新宿,東京都新宿区北新宿１,"
東京メトロ丸ノ内線/西新宿駅 歩7分
ＪＲ総武線/大久保駅 歩5分
ＪＲ山手線/新宿駅 歩12分
","
築15年
15階建
","
5階",8.9万円,9000円,8.9万円,17.8万円,1K,22.28m2
グランド・ガーラ新宿,東京都新宿区北新宿１,"
東京メトロ丸ノ内線/西新宿駅 歩7分
ＪＲ総武線/大久保駅 歩5分
ＪＲ山手線/新宿駅 歩12分
","
築15年
15階建
","
5階",8.9万円,9000円,8.9万円,17.8万円,1K,22.28m2
グランド・ガーラ新宿,東京都新宿区北新宿１,"
東京メトロ丸ノ内線/西新宿駅 歩7分
ＪＲ総武線/大久保駅 歩5分
ＪＲ山手線/新宿駅 歩12分
","
築15年
15階建
","
11階",8.9万円,9000円,8.9万円,17.8万円,1K,21.61m2
グランド・ガーラ新宿,東京都新宿区北新宿１,"
東京メトロ丸ノ内線/西新宿駅 歩7分
ＪＲ総武線/大久保駅 歩5分
ＪＲ山手線/新宿駅 歩12分
","
築15年
15階建
","
14階",9.35万円,9000円,9.35万円,18.7万円,1K,22.62m2
グランド・ガーラ新宿,東京都新宿区北新宿１,"
東京メトロ丸ノ内線/西新宿駅 歩7分
ＪＲ総武線/大久保駅 歩5分
ＪＲ山手線/新宿駅 歩12分
","
築15年
15階建
","
13階",9.6万円,9000円,9.6万円,19.2万円,1K,22.62m2
ガラ・ステージ西新宿,東京都新宿区西新宿４,"
都営大江戸線/西新宿五丁目駅 歩4分
都営大江戸線/都庁前駅 歩8分
東京メトロ丸ノ内線/西新宿駅 歩11分
","
築21年
7階建
","
1階",6.9万円,9500円,6.9万円,6.9万円,1K,21.84m2
ガラ・ステージ西新宿,東京都新宿区西新宿４,"
都営大江戸線/西新宿五丁目駅 歩4分
都営大江戸線/都庁前駅 歩8分
東京メトロ丸ノ内線/西新宿駅 歩11分
","
築21年
7階建
","
1階",6.9万円,9500円,6.9万円,6.9万円,1K,20.41m2
ガラ・ステージ西新宿,東京都新宿区西新宿４,"
都営大江戸線/西新宿五丁目駅 歩4分
都営大江戸線/都庁前駅 歩8分
東京メトロ丸ノ内線/西新宿駅 歩11分
","
築21年
7階建
","
1階",6.9万円,9500円,6.9万円,6.9万円,1K,20.41m2
ガラ・ステージ西新宿,東京都新宿区西新宿４,"
都営大江戸線/西新宿五丁目駅 歩4分
都営大江戸線/都庁前駅 歩8分
東京メトロ丸ノ内線/西新宿駅 歩11分
","
築21年
7階建
","
1階",7万円,9000円,7万円,7万円,1K,21.84m2
ガラ・ステージ西新宿,東京都新宿区西新宿４,"
都営大江戸線/西新宿五丁目駅 歩4分
都営大江戸線/都庁前駅 歩8分
東京メトロ丸ノ内線/西新宿駅 歩11分
","
築21年
7階建
","
1階",7万円,9000円,7万円,7万円,1K,21.84m2
ガラ・ステージ西新宿,東京都新宿区西新宿４,"
都営大江戸線/西新宿五丁目駅 歩4分
都営大江戸線/都庁前駅 歩8分
東京メトロ丸ノ内線/西新宿駅 歩11分
","
築21年
7階建
","
1階",7万円,9500円,7万円,7万円,1K,21.84m2
ガラ・ステージ西新宿,東京都新宿区西新宿４,"
都営大江戸線/西新宿五丁目駅 歩4分
都営大江戸線/都庁前駅 歩8分
東京メトロ丸ノ内線/西新宿駅 歩11分
","
築21年
7階建
","
1階",7万円,9500円,7万円,7万円,1K,21.84m2
ガラ・ステージ西新宿,東京都新宿区西新宿４,"
都営大江戸線/西新宿五丁目駅 歩4分
都営大江戸線/都庁前駅 歩8分
東京メトロ丸ノ内線/西新宿駅 歩11分
","
築21年
7階建
","
1階",7万円,9500円,7万円,7万円,1K,21.84m2
ガラ・ステージ西新宿,東京都新宿区西新宿４,"
都営大江戸線/西新宿五丁目駅 歩4分
都営大江戸線/都庁前駅 歩8分
東京メトロ丸ノ内線/西新宿駅 歩11分
","
築21年
7階建
","
1階",7.2万円,9000円,7.2万円,7.2万円,1K,21.84m2
ガラ・ステージ西新宿,東京都新宿区西新宿４,"
都営大江戸線/西新宿五丁目駅 歩4分
都営大江戸線/都庁前駅 歩8分
東京メトロ丸ノ内線/西新宿駅 歩11分
","
築21年
7階建
","
1階",7.3万円,9000円,7.3万円,10.95万円,1K,20.41m2
ガラ・ステージ西新宿,東京都新宿区西新宿４,"
都営大江戸線/西新宿五丁目駅 歩4分
都営大江戸線/都庁前駅 歩8分
東京メトロ丸ノ内線/西新宿駅 歩11分
","
築21年
7階建
","
2階",8.6万円,9000円,-,8.6万円,1K,26.14m2
パークヒルズ落合,東京都新宿区上落合１,"
東京メトロ東西線/落合駅 歩5分
ＪＲ中央線/東中野駅 歩9分
西武新宿線/下落合駅 歩7分
","
築23年
12階建
","
5階",7.3万円,7000円,7.3万円,7.3万円,ワンルーム,21.25m2
パークヒルズ落合,東京都新宿区上落合１,"
東京メトロ東西線/落合駅 歩5分
ＪＲ中央線/東中野駅 歩9分
西武新宿線/下落合駅 歩7分
","
築23年
12階建
","
2階",7.3万円,7000円,7.3万円,7.3万円,ワンルーム,20.38m2
パークヒルズ落合,東京都新宿区上落合１,"
東京メトロ東西線/落合駅 歩5分
ＪＲ中央線/東中野駅 歩9分
西武新宿線/下落合駅 歩7分
","
築23年
12階建
","
4階",8.1万円,7000円,8.1万円,8.1万円,ワンルーム,21.25m2
パークヒルズ落合,東京都新宿区上落合１,"
東京メトロ東西線/落合駅 歩5分
ＪＲ中央線/東中野駅 歩9分
西武新宿線/下落合駅 歩7分
","
築23年
12階建
","
5階",8.1万円,7000円,8.1万円,8.1万円,1K,21.23m2
パークヒルズ落合,東京都新宿区上落合１,"
東京メトロ東西線/落合駅 歩5分
ＪＲ中央線/東中野駅 歩9分
西武新宿線/下落合駅 歩7分
","
築23年
12階建
","
6階",8.2万円,7000円,8.2万円,-,ワンルーム,21.25m2
パークヒルズ落合,東京都新宿区上落合１,"
東京メトロ東西線/落合駅 歩5分
ＪＲ中央線/東中野駅 歩9分
西武新宿線/下落合駅 歩7分
","
築23年
12階建
","
9階",8.3万円,7000円,8.3万円,-,ワンルーム,21.23m2
パークヒルズ落合,東京都新宿区上落合１,"
東京メトロ東西線/落合駅 歩5分
ＪＲ中央線/東中野駅 歩9分
西武新宿線/下落合駅 歩7分
","
築23年
12階建
","
11階",8.5万円,7000円,8.5万円,8.5万円,1K,24.03m2
パークヒルズ落合,東京都新宿区上落合１,"
東京メトロ東西線/落合駅 歩5分
ＪＲ中央線/東中野駅 歩9分
西武新宿線/下落合駅 歩7分
","
築23年
12階建
","
12階",8.9万円,7000円,8.9万円,8.9万円,1K,24.03m2
パークヒルズ落合,東京都新宿区上落合１,"
東京メトロ東西線/落合駅 歩5分
ＪＲ中央線/東中野駅 歩9分
西武新宿線/下落合駅 歩7分
","
築23年
12階建
","
12階",9.1万円,7000円,9.1万円,9.1万円,1K,25.48m2
リブリ・オークスハイツ,東京都新宿区中落合４,"
都営大江戸線/落合南長崎駅 歩8分
都営大江戸線/中井駅 歩7分
西武新宿線/中井駅 歩7分
","
築5年
2階建
","
1階",8.3万円,4000円,-,-,1K,27.53m2
リブリ・オークスハイツ,東京都新宿区中落合４,"
都営大江戸線/落合南長崎駅 歩8分
都営大江戸線/中井駅 歩7分
西武新宿線/中井駅 歩7分
","
築5年
2階建
","
1階",8.5万円,4000円,-,8.5万円,1K,27.53m2
リブリ・オークスハイツ,東京都新宿区中落合４,"
都営大江戸線/落合南長崎駅 歩8分
都営大江戸線/中井駅 歩7分
西武新宿線/中井駅 歩7分
","
築5年
2階建
","
1階",8.6万円,4000円,-,4.3万円,1K,28.98m2
レジディア西新宿2,東京都新宿区西新宿４,"
都営大江戸線/西新宿五丁目駅 歩5分
京王新線/初台駅 歩11分
都営大江戸線/新宿駅 歩17分
","
築15年
地下1地上4階建
","
1階",9.4万円,10000円,9.4万円,9.4万円,ワンルーム,22.38m2
レジディア西新宿2,東京都新宿区西新宿４,"
都営大江戸線/西新宿五丁目駅 歩5分
京王新線/初台駅 歩11分
都営大江戸線/新宿駅 歩17分
","
築15年
地下1地上4階建
","
2階",10万円,10000円,10万円,10万円,1K,24.63m2
レジディア西新宿2,東京都新宿区西新宿４,"
都営大江戸線/西新宿五丁目駅 歩5分
京王新線/初台駅 歩11分
都営大江戸線/新宿駅 歩17分
","
築15年
地下1地上4階建
","
3階",10.1万円,10000円,10.1万円,10.1万円,1K,24.69m2
レジディア西新宿2,東京都新宿区西新宿４,"
都営大江戸線/西新宿五丁目駅 歩5分
京王新線/初台駅 歩11分
都営大江戸線/新宿駅 歩17分
","
築15年
地下1地上4階建
","
3階",10.1万円,10000円,10.1万円,10.1万円,1K,24.69m2
レジディア西新宿2,東京都新宿区西新宿４,"
都営大江戸線/西新宿五丁目駅 歩5分
京王新線/初台駅 歩11分
都営大江戸線/新宿駅 歩17分
","
築15年
地下1地上4階建
","
4階",12.8万円,10000円,12.8万円,12.8万円,1DK,30.57m2
レジディア西新宿2,東京都新宿区西新宿４,"
都営大江戸線/西新宿五丁目駅 歩5分
京王新線/初台駅 歩11分
都営大江戸線/新宿駅 歩17分
","
築15年
地下1地上4階建
","
4階",13万円,10000円,13万円,13万円,1DK,30.57m2
レジディア西新宿2,東京都新宿区西新宿４,"
都営大江戸線/西新宿五丁目駅 歩5分
京王新線/初台駅 歩11分
都営大江戸線/新宿駅 歩17分
","
築15年
地下1地上4階建
","
3階",13.5万円,10000円,13.5万円,13.5万円,1LDK,31.76m2
レジデンス江戸川橋,東京都新宿区水道町,"
東京メトロ有楽町線/江戸川橋駅 歩3分
東京メトロ東西線/神楽坂駅 歩9分
ＪＲ総武線/飯田橋駅 歩13分
","
築22年
10階建
","
5階",9.5万円,6000円,9.5万円,-,ワンルーム,27.04m2
レジデンス江戸川橋,東京都新宿区水道町,"
東京メトロ有楽町線/江戸川橋駅 歩3分
東京メトロ東西線/神楽坂駅 歩9分
ＪＲ総武線/飯田橋駅 歩13分
","
築22年
10階建
","
9階",10.2万円,6000円,10.2万円,-,ワンルーム,27.04m2
レジデンス江戸川橋,東京都新宿区水道町,"
東京メトロ有楽町線/江戸川橋駅 歩3分
東京メトロ東西線/神楽坂駅 歩9分
ＪＲ総武線/飯田橋駅 歩13分
","
築22年
10階建
","
3階",10.6万円,6000円,10.6万円,-,ワンルーム,30.42m2
レジデンス江戸川橋,東京都新宿区水道町,"
東京メトロ有楽町線/江戸川橋駅 歩3分
東京メトロ東西線/神楽坂駅 歩9分
ＪＲ総武線/飯田橋駅 歩13分
","
築22年
10階建
","
3階",10.9万円,6000円,10.9万円,-,ワンルーム,30.42m2
レジデンス江戸川橋,東京都新宿区水道町,"
東京メトロ有楽町線/江戸川橋駅 歩3分
東京メトロ東西線/神楽坂駅 歩9分
ＪＲ総武線/飯田橋駅 歩13分
","
築22年
10階建
","
4階",11万円,6000円,11万円,-,ワンルーム,33.8m2
レジデンス江戸川橋,東京都新宿区水道町,"
東京メトロ有楽町線/江戸川橋駅 歩3分
東京メトロ東西線/神楽坂駅 歩9分
ＪＲ総武線/飯田橋駅 歩13分
","
築22年
10階建
","
5階",11.1万円,6000円,11.1万円,-,ワンルーム,30.42m2
レジデンス江戸川橋,東京都新宿区水道町,"
東京メトロ有楽町線/江戸川橋駅 歩3分
東京メトロ東西線/神楽坂駅 歩9分
ＪＲ総武線/飯田橋駅 歩13分
","
築22年
10階建
","
9階",11.4万円,6000円,11.4万円,-,ワンルーム,30.42m2
クレヴィスタ高田馬場,東京都新宿区高田馬場３,"
ＪＲ山手線/高田馬場駅 歩9分
東京メトロ東西線/高田馬場駅 歩9分
西武新宿線/下落合駅 歩4分
","
築1年
6階建
","
2階",10.5万円,15000円,-,-,1K,25.81m2
クレヴィスタ高田馬場,東京都新宿区高田馬場３,"
ＪＲ山手線/高田馬場駅 歩9分
東京メトロ東西線/高田馬場駅 歩9分
西武新宿線/下落合駅 歩4分
","
築1年
6階建
","
1階",11.1万円,10500円,-,11.1万円,1K,25.81m2
クレヴィスタ高田馬場,東京都新宿区高田馬場３,"
ＪＲ山手線/高田馬場駅 歩9分
東京メトロ東西線/高田馬場駅 歩9分
西武新宿線/下落合駅 歩4分
","
築1年
6階建
","
1階",11.1万円,10500円,-,11.1万円,1K,25.81m2
クレヴィスタ高田馬場,東京都新宿区高田馬場３,"
ＪＲ山手線/高田馬場駅 歩9分
東京メトロ東西線/高田馬場駅 歩9分
西武新宿線/下落合駅 歩4分
","
築1年
6階建
","
3階",11.3万円,10500円,-,11.3万円,1K,25.81m2
クレヴィスタ高田馬場,東京都新宿区高田馬場３,"
ＪＲ山手線/高田馬場駅 歩9分
東京メトロ東西線/高田馬場駅 歩9分
西武新宿線/下落合駅 歩4分
","
築1年
6階建
","
1階",11.4万円,10500円,-,11.4万円,1K,28.49m2
クレヴィスタ高田馬場,東京都新宿区高田馬場３,"
ＪＲ山手線/高田馬場駅 歩9分
東京メトロ東西線/高田馬場駅 歩9分
西武新宿線/下落合駅 歩4分
","
築1年
6階建
","
3階",11.4万円,10500円,-,11.4万円,1K,25.81m2
クレヴィスタ高田馬場,東京都新宿区高田馬場３,"
ＪＲ山手線/高田馬場駅 歩9分
東京メトロ東西線/高田馬場駅 歩9分
西武新宿線/下落合駅 歩4分
","
築1年
6階建
","
3階",11.4万円,10500円,-,11.4万円,1K,25.81m2
クレヴィスタ高田馬場,東京都新宿区高田馬場３,"
ＪＲ山手線/高田馬場駅 歩9分
東京メトロ東西線/高田馬場駅 歩9分
西武新宿線/下落合駅 歩4分
","
築1年
6階建
","
4階",11.5万円,10500円,-,11.5万円,1K,25.81m2
クレヴィスタ高田馬場,東京都新宿区高田馬場３,"
ＪＲ山手線/高田馬場駅 歩9分
東京メトロ東西線/高田馬場駅 歩9分
西武新宿線/下落合駅 歩4分
","
築1年
6階建
","
4階",11.5万円,10500円,-,11.5万円,1K,25.81m2
クレヴィスタ高田馬場,東京都新宿区高田馬場３,"
ＪＲ山手線/高田馬場駅 歩9分
東京メトロ東西線/高田馬場駅 歩9分
西武新宿線/下落合駅 歩4分
","
築1年
6階建
","
4階",11.5万円,10500円,-,11.5万円,1K,25.81m2
クレヴィスタ高田馬場,東京都新宿区高田馬場３,"
ＪＲ山手線/高田馬場駅 歩9分
東京メトロ東西線/高田馬場駅 歩9分
西武新宿線/下落合駅 歩4分
","
築1年
6階建
","
3階",11.5万円,10500円,-,11.5万円,1K,25.65m2
クレヴィスタ高田馬場,東京都新宿区高田馬場３,"
ＪＲ山手線/高田馬場駅 歩9分
東京メトロ東西線/高田馬場駅 歩9分
西武新宿線/下落合駅 歩4分
","
築1年
6階建
","
4階",11.6万円,10500円,-,11.6万円,1K,25.65m2
クレヴィスタ高田馬場,東京都新宿区高田馬場３,"
ＪＲ山手線/高田馬場駅 歩9分
東京メトロ東西線/高田馬場駅 歩9分
西武新宿線/下落合駅 歩4分
","
築1年
6階建
","
3階",11.7万円,10500円,-,11.7万円,1K,28.49m2
クレヴィスタ高田馬場,東京都新宿区高田馬場３,"
ＪＲ山手線/高田馬場駅 歩9分
東京メトロ東西線/高田馬場駅 歩9分
西武新宿線/下落合駅 歩4分
","
築1年
6階建
","
1階",11.8万円,10500円,-,11.8万円,1K,25.81m2
クレヴィスタ高田馬場,東京都新宿区高田馬場３,"
ＪＲ山手線/高田馬場駅 歩9分
東京メトロ東西線/高田馬場駅 歩9分
西武新宿線/下落合駅 歩4分
","
築1年
6階建
","
1階",11.8万円,10500円,-,11.8万円,1K,25.81m2
クレヴィスタ高田馬場,東京都新宿区高田馬場３,"
ＪＲ山手線/高田馬場駅 歩9分
東京メトロ東西線/高田馬場駅 歩9分
西武新宿線/下落合駅 歩4分
","
築1年
6階建
","
1階",11.8万円,10500円,-,11.8万円,1K,25.81m2
クレヴィスタ高田馬場,東京都新宿区高田馬場３,"
ＪＲ山手線/高田馬場駅 歩9分
東京メトロ東西線/高田馬場駅 歩9分
西武新宿線/下落合駅 歩4分
","
築1年
6階建
","
1階",11.9万円,10500円,-,11.9万円,1K,25.81m2
クレヴィスタ高田馬場,東京都新宿区高田馬場３,"
ＪＲ山手線/高田馬場駅 歩9分
東京メトロ東西線/高田馬場駅 歩9分
西武新宿線/下落合駅 歩4分
","
築1年
6階建
","
1階",11.9万円,10500円,-,11.9万円,1K,25.81m2
クレヴィスタ高田馬場,東京都新宿区高田馬場３,"
ＪＲ山手線/高田馬場駅 歩9分
東京メトロ東西線/高田馬場駅 歩9分
西武新宿線/下落合駅 歩4分
","
築1年
6階建
","
1階",11.9万円,10500円,-,11.9万円,1K,25.81m2
クレヴィスタ高田馬場,東京都新宿区高田馬場３,"
ＪＲ山手線/高田馬場駅 歩9分
東京メトロ東西線/高田馬場駅 歩9分
西武新宿線/下落合駅 歩4分
","
築1年
6階建
","
1階",11.9万円,10500円,-,11.9万円,1K,25.81m2
クレヴィスタ高田馬場,東京都新宿区高田馬場３,"
ＪＲ山手線/高田馬場駅 歩9分
東京メトロ東西線/高田馬場駅 歩9分
西武新宿線/下落合駅 歩4分
","
築1年
6階建
","
1階",12万円,10500円,-,12万円,1K,25.81m2
クレヴィスタ高田馬場,東京都新宿区高田馬場３,"
ＪＲ山手線/高田馬場駅 歩9分
東京メトロ東西線/高田馬場駅 歩9分
西武新宿線/下落合駅 歩4分
","
築1年
6階建
","
1階",12万円,10500円,-,12万円,1K,25.81m2
クレヴィスタ高田馬場,東京都新宿区高田馬場３,"
ＪＲ山手線/高田馬場駅 歩9分
東京メトロ東西線/高田馬場駅 歩9分
西武新宿線/下落合駅 歩4分
","
築1年
6階建
","
1階",12万円,10500円,-,12万円,1K,25.81m2
ガラ・ステーション四谷三丁目,東京都新宿区舟町,"
東京メトロ丸ノ内線/四谷三丁目駅 歩1分
都営新宿線/曙橋駅 歩6分
ＪＲ中央線/四ツ谷駅 歩12分
","
築19年
14階建
","
2階",8.3万円,10000円,-,8.3万円,1K,22.59m2
ガラ・ステーション四谷三丁目,東京都新宿区舟町,"
東京メトロ丸ノ内線/四谷三丁目駅 歩1分
都営新宿線/曙橋駅 歩6分
ＪＲ中央線/四ツ谷駅 歩12分
","
築19年
14階建
","
7階",8.5万円,9000円,8.5万円,8.5万円,1K,20m2
ガラ・ステーション四谷三丁目,東京都新宿区舟町,"
東京メトロ丸ノ内線/四谷三丁目駅 歩1分
都営新宿線/曙橋駅 歩6分
ＪＲ中央線/四ツ谷駅 歩12分
","
築19年
14階建
","
7階",8.5万円,9000円,8.5万円,12.75万円,1K,20m2
ガラ・ステーション四谷三丁目,東京都新宿区舟町,"
東京メトロ丸ノ内線/四谷三丁目駅 歩1分
都営新宿線/曙橋駅 歩6分
ＪＲ中央線/四ツ谷駅 歩12分
","
築19年
14階建
","
7階",8.5万円,9000円,8.5万円,12.75万円,1K,20m2
ガラ・ステーション四谷三丁目,東京都新宿区舟町,"
東京メトロ丸ノ内線/四谷三丁目駅 歩1分
都営新宿線/曙橋駅 歩6分
ＪＲ中央線/四ツ谷駅 歩12分
","
築19年
14階建
","
2階",9万円,9000円,9万円,18万円,1K,23.92m2
ガラ・ステーション四谷三丁目,東京都新宿区舟町,"
東京メトロ丸ノ内線/四谷三丁目駅 歩1分
都営新宿線/曙橋駅 歩6分
ＪＲ中央線/四ツ谷駅 歩12分
","
築19年
14階建
","
2階",9万円,9000円,9万円,9万円,1K,23.92m2
ガラ・ステーション四谷三丁目,東京都新宿区舟町,"
東京メトロ丸ノ内線/四谷三丁目駅 歩1分
都営新宿線/曙橋駅 歩6分
ＪＲ中央線/四ツ谷駅 歩12分
","
築19年
14階建
","
12階",9.3万円,9000円,9.3万円,13.95万円,1K,23.92m2
ガラ・ステーション四谷三丁目,東京都新宿区舟町,"
東京メトロ丸ノ内線/四谷三丁目駅 歩1分
都営新宿線/曙橋駅 歩6分
ＪＲ中央線/四ツ谷駅 歩12分
","
築19年
14階建
","
12階",9.3万円,9000円,9.3万円,13.95万円,1K,23.92m2
ガラ・ステーション四谷三丁目,東京都新宿区舟町,"
東京メトロ丸ノ内線/四谷三丁目駅 歩1分
都営新宿線/曙橋駅 歩6分
ＪＲ中央線/四ツ谷駅 歩12分
","
築19年
14階建
","
6階",9.2万円,10000円,9.2万円,9.2万円,1K,23.92m2
ガラ・ステーション四谷三丁目,東京都新宿区舟町,"
東京メトロ丸ノ内線/四谷三丁目駅 歩1分
都営新宿線/曙橋駅 歩6分
ＪＲ中央線/四ツ谷駅 歩12分
","
築19年
14階建
","
14階",11.1万円,9000円,11.1万円,11.1万円,1K,27.54m2
ガラ・ステーション四谷三丁目,東京都新宿区舟町,"
東京メトロ丸ノ内線/四谷三丁目駅 歩1分
都営新宿線/曙橋駅 歩6分
ＪＲ中央線/四ツ谷駅 歩12分
","
築19年
14階建
","
14階",11.1万円,9000円,11.1万円,11.1万円,1K,27.45m2
ガラ・ステーション四谷三丁目,東京都新宿区舟町,"
東京メトロ丸ノ内線/四谷三丁目駅 歩1分
都営新宿線/曙橋駅 歩6分
ＪＲ中央線/四ツ谷駅 歩12分
","
築19年
14階建
","
14階",11.1万円,9000円,11.1万円,11.1万円,1K,27.54m2
ガラ・ステーション四谷三丁目,東京都新宿区舟町,"
東京メトロ丸ノ内線/四谷三丁目駅 歩1分
都営新宿線/曙橋駅 歩6分
ＪＲ中央線/四ツ谷駅 歩12分
","
築19年
14階建
","
14階",11.4万円,9000円,11.4万円,11.4万円,1K,27.54m2
ヴェルデュール高田馬場,東京都新宿区高田馬場４,"
ＪＲ山手線/高田馬場駅 歩8分
西武新宿線/下落合駅 歩10分
東京メトロ東西線/落合駅 歩13分
","
築5年
13階建
","
4階",10.1万円,8000円,10.1万円,12.12万円,1K,25.41m2
ヴェルデュール高田馬場,東京都新宿区高田馬場４,"
ＪＲ山手線/高田馬場駅 歩8分
西武新宿線/下落合駅 歩10分
東京メトロ東西線/落合駅 歩13分
","
築5年
13階建
","
5階",10.9万円,8000円,10.9万円,10.9万円,1K,29.14m2
ヴェルデュール高田馬場,東京都新宿区高田馬場４,"
ＪＲ山手線/高田馬場駅 歩8分
西武新宿線/下落合駅 歩10分
東京メトロ東西線/落合駅 歩13分
","
築5年
13階建
","
5階",11.3万円,8000円,11.3万円,13.56万円,1K,29.14m2
ヴェルデュール高田馬場,東京都新宿区高田馬場４,"
ＪＲ山手線/高田馬場駅 歩8分
西武新宿線/下落合駅 歩10分
東京メトロ東西線/落合駅 歩13分
","
築5年
13階建
","
4階",16万円,12000円,16万円,19.2万円,1LDK,40.98m2
ヴェルデュール高田馬場,東京都新宿区高田馬場４,"
ＪＲ山手線/高田馬場駅 歩8分
西武新宿線/下落合駅 歩10分
東京メトロ東西線/落合駅 歩13分
","
築5年
13階建
","
11階",16.1万円,12000円,16.1万円,8.05万円,1LDK,40.98m2
ヴェルデュール高田馬場,東京都新宿区高田馬場４,"
ＪＲ山手線/高田馬場駅 歩8分
西武新宿線/下落合駅 歩10分
東京メトロ東西線/落合駅 歩13分
","
築5年
13階建
","
2階",21.1万円,12000円,21.1万円,31.65万円,2LDK,56.56m2
ヴェルデュール高田馬場,東京都新宿区高田馬場４,"
ＪＲ山手線/高田馬場駅 歩8分
西武新宿線/下落合駅 歩10分
東京メトロ東西線/落合駅 歩13分
","
築5年
13階建
","
4階",21.3万円,12000円,21.3万円,31.95万円,2LDK,56.56m2
都営大江戸線 落合南長崎駅 5階建 築16年,東京都新宿区中落合４,"
都営大江戸線/落合南長崎駅 歩7分
西武新宿線/中井駅 歩9分
西武新宿線/下落合駅 歩11分
","
築16年
5階建
","
4階",7.7万円,7000円,7.7万円,7.7万円,1K,20.63m2
都営大江戸線 落合南長崎駅 5階建 築16年,東京都新宿区中落合４,"
都営大江戸線/落合南長崎駅 歩7分
西武新宿線/中井駅 歩9分
西武新宿線/下落合駅 歩11分
","
築16年
5階建
","
4階",7.7万円,7000円,7.7万円,-,1K,20.16m2
エクスクルーシヴ中井,東京都新宿区中井２,"
西武新宿線/中井駅 歩5分
東京メトロ東西線/落合駅 歩13分
都営大江戸線/落合南長崎駅 歩9分
","
築33年
3階建
","
2階",4.9万円,3000円,4.9万円,-,ワンルーム,14.55m2
エクスクルーシヴ中井,東京都新宿区中井２,"
西武新宿線/中井駅 歩5分
東京メトロ東西線/落合駅 歩13分
都営大江戸線/落合南長崎駅 歩9分
","
築33年
3階建
","
3階",5.2万円,3000円,5.2万円,-,ワンルーム,11.66m2
コンシェリア新宿Ｎｏｒｔｈ－Ｏｎｅ,東京都新宿区北新宿１,"
ＪＲ山手線/新宿駅 歩10分
東京メトロ丸ノ内線/西新宿駅 歩8分
ＪＲ中央線/大久保駅 歩4分
","
築14年
13階建
","
11階",8.95万円,8500円,-,-,1K,20.88m2
コンシェリア新宿Ｎｏｒｔｈ－Ｏｎｅ,東京都新宿区北新宿１,"
ＪＲ山手線/新宿駅 歩10分
東京メトロ丸ノ内線/西新宿駅 歩8分
ＪＲ中央線/大久保駅 歩4分
","
築14年
13階建
","
11階",8.35万円,15000円,-,-,1K,20.88m2
コンシェリア新宿Ｎｏｒｔｈ－Ｏｎｅ,東京都新宿区北新宿１,"
ＪＲ山手線/新宿駅 歩10分
東京メトロ丸ノ内線/西新宿駅 歩8分
ＪＲ中央線/大久保駅 歩4分
","
築14年
13階建
","
10階",9.25万円,9500円,-,-,1K,20.88m2
コンシェリア新宿Ｎｏｒｔｈ－Ｏｎｅ,東京都新宿区北新宿１,"
ＪＲ山手線/新宿駅 歩10分
東京メトロ丸ノ内線/西新宿駅 歩8分
ＪＲ中央線/大久保駅 歩4分
","
築14年
13階建
","
6階",9.9万円,9500円,-,-,1K,23.71m2
コンシェリア新宿Ｎｏｒｔｈ－Ｏｎｅ,東京都新宿区北新宿１,"
ＪＲ山手線/新宿駅 歩10分
東京メトロ丸ノ内線/西新宿駅 歩8分
ＪＲ中央線/大久保駅 歩4分
","
築14年
13階建
","
3階",10.7万円,8500円,10.7万円,16.05万円,1K,23.71m2
コンシェリア新宿Ｎｏｒｔｈ－Ｏｎｅ,東京都新宿区北新宿１,"
ＪＲ山手線/新宿駅 歩10分
東京メトロ丸ノ内線/西新宿駅 歩8分
ＪＲ中央線/大久保駅 歩4分
","
築14年
13階建
","
3階",11万円,8500円,11万円,16.5万円,1K,23.71m2
コンシェリア新宿Ｎｏｒｔｈ－Ｏｎｅ,東京都新宿区北新宿１,"
ＪＲ山手線/新宿駅 歩10分
東京メトロ丸ノ内線/西新宿駅 歩8分
ＪＲ中央線/大久保駅 歩4分
","
築14年
13階建
","
3階",11.1万円,8500円,11.1万円,16.65万円,1K,23.71m2
プラウドフラット西早稲田,東京都新宿区西早稲田２,"
東京メトロ副都心線/西早稲田駅 歩1分
ＪＲ山手線/高田馬場駅 歩10分
東京メトロ東西線/早稲田駅 歩14分
","
新築
13階建
","
2階",12.4万円,10000円,12.4万円,-,1K,26.12m2
プラウドフラット西早稲田,東京都新宿区西早稲田２,"
東京メトロ副都心線/西早稲田駅 歩1分
ＪＲ山手線/高田馬場駅 歩10分
東京メトロ東西線/早稲田駅 歩14分
","
新築
13階建
","
2階",12.4万円,10000円,12.4万円,-,1K,26.12m2
プラウドフラット西早稲田,東京都新宿区西早稲田２,"
東京メトロ副都心線/西早稲田駅 歩1分
ＪＲ山手線/高田馬場駅 歩10分
東京メトロ東西線/早稲田駅 歩14分
","
新築
13階建
","
2階",12.4万円,10000円,12.4万円,-,1K,26.12m2
プラウドフラット西早稲田,東京都新宿区西早稲田２,"
東京メトロ副都心線/西早稲田駅 歩1分
ＪＲ山手線/高田馬場駅 歩10分
東京メトロ東西線/早稲田駅 歩14分
","
新築
13階建
","
2階",12.4万円,10000円,12.4万円,-,1K,26.12m2
プラウドフラット西早稲田,東京都新宿区西早稲田２,"
東京メトロ副都心線/西早稲田駅 歩1分
ＪＲ山手線/高田馬場駅 歩10分
東京メトロ東西線/早稲田駅 歩14分
","
新築
13階建
","
3階",12.6万円,10000円,12.6万円,-,1K,26.12m2
プラウドフラット西早稲田,東京都新宿区西早稲田２,"
東京メトロ副都心線/西早稲田駅 歩1分
ＪＲ山手線/高田馬場駅 歩10分
東京メトロ東西線/早稲田駅 歩14分
","
新築
13階建
","
3階",12.6万円,10000円,12.6万円,-,1K,26.12m2
プラウドフラット西早稲田,東京都新宿区西早稲田２,"
東京メトロ副都心線/西早稲田駅 歩1分
ＪＲ山手線/高田馬場駅 歩10分
東京メトロ東西線/早稲田駅 歩14分
","
新築
13階建
","
3階",12.6万円,10000円,12.6万円,-,1K,26.12m2
プラウドフラット西早稲田,東京都新宿区西早稲田２,"
東京メトロ副都心線/西早稲田駅 歩1分
ＪＲ山手線/高田馬場駅 歩10分
東京メトロ東西線/早稲田駅 歩14分
","
新築
13階建
","
3階",12.7万円,10000円,12.7万円,-,1K,27.15m2
プラウドフラット西早稲田,東京都新宿区西早稲田２,"
東京メトロ副都心線/西早稲田駅 歩1分
ＪＲ山手線/高田馬場駅 歩10分
東京メトロ東西線/早稲田駅 歩14分
","
新築
13階建
","
4階",12.7万円,10000円,12.7万円,-,1K,26.12m2
プラウドフラット西早稲田,東京都新宿区西早稲田２,"
東京メトロ副都心線/西早稲田駅 歩1分
ＪＲ山手線/高田馬場駅 歩10分
東京メトロ東西線/早稲田駅 歩14分
","
新築
13階建
","
4階",12.7万円,10000円,12.7万円,-,1K,26.12m2
プラウドフラット西早稲田,東京都新宿区西早稲田２,"
東京メトロ副都心線/西早稲田駅 歩1分
ＪＲ山手線/高田馬場駅 歩10分
東京メトロ東西線/早稲田駅 歩14分
","
新築
13階建
","
4階",12.7万円,10000円,12.7万円,-,1K,26.12m2
プラウドフラット西早稲田,東京都新宿区西早稲田２,"
東京メトロ副都心線/西早稲田駅 歩1分
ＪＲ山手線/高田馬場駅 歩10分
東京メトロ東西線/早稲田駅 歩14分
","
新築
13階建
","
5階",12.8万円,10000円,12.8万円,12.8万円,1K,26.12m2
プラウドフラット西早稲田,東京都新宿区西早稲田２,"
東京メトロ副都心線/西早稲田駅 歩1分
ＪＲ山手線/高田馬場駅 歩10分
東京メトロ東西線/早稲田駅 歩14分
","
新築
13階建
","
5階",12.8万円,10000円,12.8万円,-,1K,26.12m2
プラウドフラット西早稲田,東京都新宿区西早稲田２,"
東京メトロ副都心線/西早稲田駅 歩1分
ＪＲ山手線/高田馬場駅 歩10分
東京メトロ東西線/早稲田駅 歩14分
","
新築
13階建
","
5階",12.8万円,10000円,12.8万円,-,1K,26.12m2
プラウドフラット西早稲田,東京都新宿区西早稲田２,"
東京メトロ副都心線/西早稲田駅 歩1分
ＪＲ山手線/高田馬場駅 歩10分
東京メトロ東西線/早稲田駅 歩14分
","
新築
13階建
","
3階",12.9万円,10000円,12.9万円,-,1K,27.15m2
プラウドフラット西早稲田,東京都新宿区西早稲田２,"
東京メトロ副都心線/西早稲田駅 歩1分
ＪＲ山手線/高田馬場駅 歩10分
東京メトロ東西線/早稲田駅 歩14分
","
新築
13階建
","
6階",12.9万円,10000円,12.9万円,-,1K,26.12m2
プラウドフラット西早稲田,東京都新宿区西早稲田２,"
東京メトロ副都心線/西早稲田駅 歩1分
ＪＲ山手線/高田馬場駅 歩10分
東京メトロ東西線/早稲田駅 歩14分
","
新築
13階建
","
6階",12.9万円,10000円,12.9万円,-,1K,26.12m2
プラウドフラット西早稲田,東京都新宿区西早稲田２,"
東京メトロ副都心線/西早稲田駅 歩1分
ＪＲ山手線/高田馬場駅 歩10分
東京メトロ東西線/早稲田駅 歩14分
","
新築
13階建
","
6階",12.9万円,10000円,12.9万円,-,1K,26.12m2
プラウドフラット西早稲田,東京都新宿区西早稲田２,"
東京メトロ副都心線/西早稲田駅 歩1分
ＪＲ山手線/高田馬場駅 歩10分
東京メトロ東西線/早稲田駅 歩14分
","
新築
13階建
","
6階",12.9万円,10000円,12.9万円,-,1K,26.12m2
プラウドフラット西早稲田,東京都新宿区西早稲田２,"
東京メトロ副都心線/西早稲田駅 歩1分
ＪＲ山手線/高田馬場駅 歩10分
東京メトロ東西線/早稲田駅 歩14分
","
新築
13階建
","
5階",13.1万円,10000円,13.1万円,-,1K,27.15m2
プラウドフラット西早稲田,東京都新宿区西早稲田２,"
東京メトロ副都心線/西早稲田駅 歩1分
ＪＲ山手線/高田馬場駅 歩10分
東京メトロ東西線/早稲田駅 歩14分
","
新築
13階建
","
8階",13.1万円,10000円,13.1万円,-,1K,26.12m2
プラウドフラット西早稲田,東京都新宿区西早稲田２,"
東京メトロ副都心線/西早稲田駅 歩1分
ＪＲ山手線/高田馬場駅 歩10分
東京メトロ東西線/早稲田駅 歩14分
","
新築
13階建
","
8階",13.1万円,10000円,13.1万円,-,1K,26.12m2
プラウドフラット西早稲田,東京都新宿区西早稲田２,"
東京メトロ副都心線/西早稲田駅 歩1分
ＪＲ山手線/高田馬場駅 歩10分
東京メトロ東西線/早稲田駅 歩14分
","
新築
13階建
","
6階",13.2万円,10000円,13.2万円,-,1K,27.15m2
プラウドフラット西早稲田,東京都新宿区西早稲田２,"
東京メトロ副都心線/西早稲田駅 歩1分
ＪＲ山手線/高田馬場駅 歩10分
東京メトロ東西線/早稲田駅 歩14分
","
新築
13階建
","
10階",13.2万円,10000円,13.2万円,-,1K,26.12m2
プラウドフラット西早稲田,東京都新宿区西早稲田２,"
東京メトロ副都心線/西早稲田駅 歩1分
ＪＲ山手線/高田馬場駅 歩10分
東京メトロ東西線/早稲田駅 歩14分
","
新築
13階建
","
10階",13.2万円,10000円,13.2万円,13.2万円,1K,26.12m2
プラウドフラット西早稲田,東京都新宿区西早稲田２,"
東京メトロ副都心線/西早稲田駅 歩1分
ＪＲ山手線/高田馬場駅 歩10分
東京メトロ東西線/早稲田駅 歩14分
","
新築
13階建
","
10階",13.2万円,10000円,13.2万円,-,1K,26.12m2
プラウドフラット西早稲田,東京都新宿区西早稲田２,"
東京メトロ副都心線/西早稲田駅 歩1分
ＪＲ山手線/高田馬場駅 歩10分
東京メトロ東西線/早稲田駅 歩14分
","
新築
13階建
","
10階",13.2万円,10000円,13.2万円,-,1K,26.12m2
プラウドフラット西早稲田,東京都新宿区西早稲田２,"
東京メトロ副都心線/西早稲田駅 歩1分
ＪＲ山手線/高田馬場駅 歩10分
東京メトロ東西線/早稲田駅 歩14分
","
新築
13階建
","
7階",13.3万円,10000円,13.3万円,-,1K,27.15m2
プラウドフラット西早稲田,東京都新宿区西早稲田２,"
東京メトロ副都心線/西早稲田駅 歩1分
ＪＲ山手線/高田馬場駅 歩10分
東京メトロ東西線/早稲田駅 歩14分
","
新築
13階建
","
12階",13.3万円,10000円,13.3万円,-,1K,26.12m2
プラウドフラット西早稲田,東京都新宿区西早稲田２,"
東京メトロ副都心線/西早稲田駅 歩1分
ＪＲ山手線/高田馬場駅 歩10分
東京メトロ東西線/早稲田駅 歩14分
","
新築
13階建
","
12階",13.3万円,10000円,13.3万円,-,1K,26.12m2
プラウドフラット西早稲田,東京都新宿区西早稲田２,"
東京メトロ副都心線/西早稲田駅 歩1分
ＪＲ山手線/高田馬場駅 歩10分
東京メトロ東西線/早稲田駅 歩14分
","
新築
13階建
","
12階",13.3万円,10000円,13.3万円,-,1K,26.12m2
プラウドフラット西早稲田,東京都新宿区西早稲田２,"
東京メトロ副都心線/西早稲田駅 歩1分
ＪＲ山手線/高田馬場駅 歩10分
東京メトロ東西線/早稲田駅 歩14分
","
新築
13階建
","
12階",13.3万円,10000円,13.3万円,-,1K,26.12m2
プラウドフラット西早稲田,東京都新宿区西早稲田２,"
東京メトロ副都心線/西早稲田駅 歩1分
ＪＲ山手線/高田馬場駅 歩10分
東京メトロ東西線/早稲田駅 歩14分
","
新築
13階建
","
9階",13.4万円,10000円,13.4万円,-,1K,27.15m2
プラウドフラット西早稲田,東京都新宿区西早稲田２,"
東京メトロ副都心線/西早稲田駅 歩1分
ＪＲ山手線/高田馬場駅 歩10分
東京メトロ東西線/早稲田駅 歩14分
","
新築
13階建
","
11階",13.5万円,10000円,13.5万円,-,1K,27.15m2
プラウドフラット西早稲田,東京都新宿区西早稲田２,"
東京メトロ副都心線/西早稲田駅 歩1分
ＪＲ山手線/高田馬場駅 歩10分
東京メトロ東西線/早稲田駅 歩14分
","
新築
13階建
","
13階",13.5万円,10000円,13.5万円,13.5万円,1K,26.12m2
プラウドフラット西早稲田,東京都新宿区西早稲田２,"
東京メトロ副都心線/西早稲田駅 歩1分
ＪＲ山手線/高田馬場駅 歩10分
東京メトロ東西線/早稲田駅 歩14分
","
新築
13階建
","
13階",13.5万円,10000円,13.5万円,-,1K,26.12m2
プラウドフラット西早稲田,東京都新宿区西早稲田２,"
東京メトロ副都心線/西早稲田駅 歩1分
ＪＲ山手線/高田馬場駅 歩10分
東京メトロ東西線/早稲田駅 歩14分
","
新築
13階建
","
2階",19.3万円,12000円,19.3万円,-,1LDK,41.19m2
プラウドフラット西早稲田,東京都新宿区西早稲田２,"
東京メトロ副都心線/西早稲田駅 歩1分
ＪＲ山手線/高田馬場駅 歩10分
東京メトロ東西線/早稲田駅 歩14分
","
新築
13階建
","
2階",19.5万円,12000円,19.5万円,-,1LDK,41.42m2
プラウドフラット西早稲田,東京都新宿区西早稲田２,"
東京メトロ副都心線/西早稲田駅 歩1分
ＪＲ山手線/高田馬場駅 歩10分
東京メトロ東西線/早稲田駅 歩14分
","
新築
13階建
","
2階",19.6万円,12000円,19.6万円,-,1LDK,41.57m2
プラウドフラット西早稲田,東京都新宿区西早稲田２,"
東京メトロ副都心線/西早稲田駅 歩1分
ＪＲ山手線/高田馬場駅 歩10分
東京メトロ東西線/早稲田駅 歩14分
","
新築
13階建
","
4階",19.8万円,12000円,19.8万円,-,1LDK,41.19m2
プラウドフラット西早稲田,東京都新宿区西早稲田２,"
東京メトロ副都心線/西早稲田駅 歩1分
ＪＲ山手線/高田馬場駅 歩10分
東京メトロ東西線/早稲田駅 歩14分
","
新築
13階建
","
5階",19.9万円,12000円,19.9万円,19.9万円,1LDK,41.19m2
プラウドフラット西早稲田,東京都新宿区西早稲田２,"
東京メトロ副都心線/西早稲田駅 歩1分
ＪＲ山手線/高田馬場駅 歩10分
東京メトロ東西線/早稲田駅 歩14分
","
新築
13階建
","
5階",20.1万円,12000円,20.1万円,-,1LDK,41.42m2
プラウドフラット西早稲田,東京都新宿区西早稲田２,"
東京メトロ副都心線/西早稲田駅 歩1分
ＪＲ山手線/高田馬場駅 歩10分
東京メトロ東西線/早稲田駅 歩14分
","
新築
13階建
","
4階",20.2万円,12000円,20.2万円,20.2万円,1K,41.57m2
プラウドフラット西早稲田,東京都新宿区西早稲田２,"
東京メトロ副都心線/西早稲田駅 歩1分
ＪＲ山手線/高田馬場駅 歩10分
東京メトロ東西線/早稲田駅 歩14分
","
新築
13階建
","
6階",20.2万円,12000円,20.2万円,-,1LDK,41.42m2
プラウドフラット西早稲田,東京都新宿区西早稲田２,"
東京メトロ副都心線/西早稲田駅 歩1分
ＪＲ山手線/高田馬場駅 歩10分
東京メトロ東西線/早稲田駅 歩14分
","
新築
13階建
","
8階",20.2万円,12000円,20.2万円,20.2万円,1LDK,41.19m2
プラウドフラット西早稲田,東京都新宿区西早稲田２,"
東京メトロ副都心線/西早稲田駅 歩1分
ＪＲ山手線/高田馬場駅 歩10分
東京メトロ東西線/早稲田駅 歩14分
","
新築
13階建
","
5階",20.3万円,12000円,20.3万円,-,1LDK,41.57m2
プラウドフラット西早稲田,東京都新宿区西早稲田２,"
東京メトロ副都心線/西早稲田駅 歩1分
ＪＲ山手線/高田馬場駅 歩10分
東京メトロ東西線/早稲田駅 歩14分
","
新築
13階建
","
7階",20.3万円,12000円,20.3万円,-,1LDK,41.42m2
プラウドフラット西早稲田,東京都新宿区西早稲田２,"
東京メトロ副都心線/西早稲田駅 歩1分
ＪＲ山手線/高田馬場駅 歩10分
東京メトロ東西線/早稲田駅 歩14分
","
新築
13階建
","
8階",20.4万円,12000円,20.4万円,-,1LDK,41.42m2
プラウドフラット西早稲田,東京都新宿区西早稲田２,"
東京メトロ副都心線/西早稲田駅 歩1分
ＪＲ山手線/高田馬場駅 歩10分
東京メトロ東西線/早稲田駅 歩14分
","
新築
13階建
","
10階",20.4万円,12000円,20.4万円,-,1LDK,41.19m2
プラウドフラット西早稲田,東京都新宿区西早稲田２,"
東京メトロ副都心線/西早稲田駅 歩1分
ＪＲ山手線/高田馬場駅 歩10分
東京メトロ東西線/早稲田駅 歩14分
","
新築
13階建
","
9階",20.5万円,12000円,20.5万円,-,1LDK,41.42m2
プラウドフラット西早稲田,東京都新宿区西早稲田２,"
東京メトロ副都心線/西早稲田駅 歩1分
ＪＲ山手線/高田馬場駅 歩10分
東京メトロ東西線/早稲田駅 歩14分
","
新築
13階建
","
10階",20.6万円,12000円,20.6万円,-,1LDK,41.42m2
プラウドフラット西早稲田,東京都新宿区西早稲田２,"
東京メトロ副都心線/西早稲田駅 歩1分
ＪＲ山手線/高田馬場駅 歩10分
東京メトロ東西線/早稲田駅 歩14分
","
新築
13階建
","
12階",20.6万円,12000円,20.6万円,-,1LDK,41.19m2
プラウドフラット西早稲田,東京都新宿区西早稲田２,"
東京メトロ副都心線/西早稲田駅 歩1分
ＪＲ山手線/高田馬場駅 歩10分
東京メトロ東西線/早稲田駅 歩14分
","
新築
13階建
","
11階",20.7万円,12000円,20.7万円,-,1LDK,41.42m2
プラウドフラット西早稲田,東京都新宿区西早稲田２,"
東京メトロ副都心線/西早稲田駅 歩1分
ＪＲ山手線/高田馬場駅 歩10分
東京メトロ東西線/早稲田駅 歩14分
","
新築
13階建
","
7階",24.2万円,15000円,24.2万円,-,2LDK,52.72m2
プラウドフラット西早稲田,東京都新宿区西早稲田２,"
東京メトロ副都心線/西早稲田駅 歩1分
ＪＲ山手線/高田馬場駅 歩10分
東京メトロ東西線/早稲田駅 歩14分
","
新築
13階建
","
8階",24.3万円,15000円,24.3万円,-,2LDK,52.72m2
プラウドフラット西早稲田,東京都新宿区西早稲田２,"
東京メトロ副都心線/西早稲田駅 歩1分
ＪＲ山手線/高田馬場駅 歩10分
東京メトロ東西線/早稲田駅 歩14分
","
新築
13階建
","
10階",24.5万円,15000円,24.5万円,-,2LDK,52.72m2
プラウドフラット西早稲田,東京都新宿区西早稲田２,"
東京メトロ副都心線/西早稲田駅 歩1分
ＪＲ山手線/高田馬場駅 歩10分
東京メトロ東西線/早稲田駅 歩14分
","
新築
13階建
","
11階",24.6万円,15000円,24.6万円,-,2LDK,52.72m2
ＫＳビル,東京都新宿区若松町,"
都営大江戸線/若松河田駅 歩1分
東京メトロ東西線/早稲田駅 歩12分
都営新宿線/曙橋駅 歩11分
","
築35年
地下1地上11階建
","
6階",6.9万円,8000円,6.9万円,6.9万円,ワンルーム,16m2
ＫＳビル,東京都新宿区若松町,"
都営大江戸線/若松河田駅 歩1分
東京メトロ東西線/早稲田駅 歩12分
都営新宿線/曙橋駅 歩11分
","
築35年
地下1地上11階建
","
8階",8.7万円,8000円,8.7万円,8.7万円,ワンルーム,22.32m2
ＫＳビル,東京都新宿区若松町,"
都営大江戸線/若松河田駅 歩1分
東京メトロ東西線/早稲田駅 歩12分
都営新宿線/曙橋駅 歩11分
","
築35年
地下1地上11階建
","
8階",11.5万円,8000円,11.5万円,11.5万円,1DK,31.5m2
ＫＳビル,東京都新宿区若松町,"
都営大江戸線/若松河田駅 歩1分
東京メトロ東西線/早稲田駅 歩12分
都営新宿線/曙橋駅 歩11分
","
築35年
地下1地上11階建
","
9階",11.8万円,8000円,11.8万円,11.8万円,1DK,31.5m2
北島アパート,東京都新宿区西落合２,"
西武新宿線/新井薬師前駅 歩9分
都営大江戸線/落合南長崎駅 歩9分
西武新宿線/中井駅 歩18分
","
築44年
2階建
","
2階",6.5万円,1000円,6.5万円,-,2K,33m2
新宿区西新宿４丁目住宅（０１２５１３）,東京都新宿区西新宿４,"
都営大江戸線/西新宿五丁目駅 歩6分
京王新線/初台駅 歩10分

","
築26年
3階建
","
-",46万円,-,46万円,23万円,7LDK,130.47m2
リビオ目白西坂ヒルテラス,東京都新宿区中落合２,"
西武新宿線/下落合駅 歩4分
都営大江戸線/中井駅 歩12分
ＪＲ山手線/目白駅 歩13分
","
築19年
6階建
","
1階",23万円,-,23万円,23万円,3LDK,82.83m2
エストレージャス隨喜,東京都新宿区上落合２,"
西武新宿線/中井駅 歩5分
東京メトロ東西線/落合駅 歩5分
ＪＲ山手線/高田馬場駅 歩20分
","
築1年
5階建
","
2階",14.8万円,10000円,14.8万円,14.8万円,1LDK,41.32m2
エストレージャス隨喜,東京都新宿区上落合２,"
西武新宿線/中井駅 歩5分
東京メトロ東西線/落合駅 歩5分
ＪＲ山手線/高田馬場駅 歩20分
","
築1年
5階建
","
4階",18.8万円,10000円,18.8万円,22.56万円,2LDK,60.14m2
東京メトロ東西線 落合駅 5階建 築1年,東京都新宿区上落合２,"
東京メトロ東西線/落合駅 歩5分
都営大江戸線/中井駅 歩5分
ＪＲ総武線/東中野駅 歩15分
","
築1年
5階建
","
2階",14.8万円,10000円,14.8万円,14.8万円,1LDK,41.32m2
東京メトロ東西線 落合駅 5階建 築1年,東京都新宿区上落合２,"
東京メトロ東西線/落合駅 歩5分
都営大江戸線/中井駅 歩5分
ＪＲ総武線/東中野駅 歩15分
","
築1年
5階建
","
4階",18.8万円,10000円,18.8万円,22.56万円,2LDK,60.14m2
東京メトロ丸ノ内線 四ツ谷駅 2階建 築3年,東京都新宿区若葉１,"
東京メトロ丸ノ内線/四ツ谷駅 歩5分
東京メトロ丸ノ内線/四谷三丁目駅 歩11分
ＪＲ中央線/信濃町駅 歩18分
","
築3年
2階建
","
-",30万円,-,30万円,30万円,3LDK,73.38m2
プライムアーバン新宿夏目坂タワーレジデンス,東京都新宿区原町３,"
都営大江戸線/牛込柳町駅 歩4分
都営大江戸線/若松河田駅 歩5分
東京メトロ東西線/早稲田駅 歩10分
","
築14年
地下1地上30階建
","
2階",17.6万円,10000円,35.2万円,-,1LDK,43.86m2
プライムアーバン新宿夏目坂タワーレジデンス,東京都新宿区原町３,"
都営大江戸線/牛込柳町駅 歩4分
都営大江戸線/若松河田駅 歩5分
東京メトロ東西線/早稲田駅 歩10分
","
築14年
地下1地上30階建
","
10階",17.6万円,10000円,35.2万円,-,1LDK,40.33m2
プライムアーバン新宿夏目坂タワーレジデンス,東京都新宿区原町３,"
都営大江戸線/牛込柳町駅 歩4分
都営大江戸線/若松河田駅 歩5分
東京メトロ東西線/早稲田駅 歩10分
","
築14年
地下1地上30階建
","
3階",17.9万円,10000円,35.8万円,-,1LDK,43.86m2
プライムアーバン新宿夏目坂タワーレジデンス,東京都新宿区原町３,"
都営大江戸線/牛込柳町駅 歩4分
都営大江戸線/若松河田駅 歩5分
東京メトロ東西線/早稲田駅 歩10分
","
築14年
地下1地上30階建
","
2階",18.3万円,10000円,36.6万円,-,1LDK,43.86m2
プライムアーバン新宿夏目坂タワーレジデンス,東京都新宿区原町３,"
都営大江戸線/牛込柳町駅 歩4分
都営大江戸線/若松河田駅 歩5分
東京メトロ東西線/早稲田駅 歩10分
","
築14年
地下1地上30階建
","
3階",18.5万円,10000円,37万円,-,1LDK,43.86m2
プライムアーバン新宿夏目坂タワーレジデンス,東京都新宿区原町３,"
都営大江戸線/牛込柳町駅 歩4分
都営大江戸線/若松河田駅 歩5分
東京メトロ東西線/早稲田駅 歩10分
","
築14年
地下1地上30階建
","
22階",18.6万円,10000円,37.2万円,-,1LDK,40.33m2
プライムアーバン新宿夏目坂タワーレジデンス,東京都新宿区原町３,"
都営大江戸線/牛込柳町駅 歩4分
都営大江戸線/若松河田駅 歩5分
東京メトロ東西線/早稲田駅 歩10分
","
築14年
地下1地上30階建
","
24階",20万円,10000円,40万円,-,1K,49.28m2
プライムアーバン新宿夏目坂タワーレジデンス,東京都新宿区原町３,"
都営大江戸線/牛込柳町駅 歩4分
都営大江戸線/若松河田駅 歩5分
東京メトロ東西線/早稲田駅 歩10分
","
築14年
地下1地上30階建
","
6階",23.7万円,15000円,47.4万円,-,2LDK,56.41m2
プライムアーバン新宿夏目坂タワーレジデンス,東京都新宿区原町３,"
都営大江戸線/牛込柳町駅 歩4分
都営大江戸線/若松河田駅 歩5分
東京メトロ東西線/早稲田駅 歩10分
","
築14年
地下1地上30階建
","
7階",24.7万円,15000円,49.4万円,-,2LDK,65.64m2
プライムアーバン新宿夏目坂タワーレジデンス,東京都新宿区原町３,"
都営大江戸線/牛込柳町駅 歩4分
都営大江戸線/若松河田駅 歩5分
東京メトロ東西線/早稲田駅 歩10分
","
築14年
地下1地上30階建
","
5階",25.7万円,15000円,51.4万円,-,2LDK,65.64m2
プライムアーバン新宿夏目坂タワーレジデンス,東京都新宿区原町３,"
都営大江戸線/牛込柳町駅 歩4分
都営大江戸線/若松河田駅 歩5分
東京メトロ東西線/早稲田駅 歩10分
","
築14年
地下1地上30階建
","
2階",25.8万円,15000円,51.6万円,-,2LDK,72.46m2
プライムアーバン新宿夏目坂タワーレジデンス,東京都新宿区原町３,"
都営大江戸線/牛込柳町駅 歩4分
都営大江戸線/若松河田駅 歩5分
東京メトロ東西線/早稲田駅 歩10分
","
築14年
地下1地上30階建
","
7階",29万円,15000円,58万円,-,3LDK,74.64m2
プライムアーバン新宿夏目坂タワーレジデンス,東京都新宿区原町３,"
都営大江戸線/牛込柳町駅 歩4分
都営大江戸線/若松河田駅 歩5分
東京メトロ東西線/早稲田駅 歩10分
","
築14年
地下1地上30階建
","
9階",29.5万円,15000円,59万円,-,3LDK,74.64m2
プライムアーバン新宿夏目坂タワーレジデンス,東京都新宿区原町３,"
都営大江戸線/牛込柳町駅 歩4分
都営大江戸線/若松河田駅 歩5分
東京メトロ東西線/早稲田駅 歩10分
","
築14年
地下1地上30階建
","
2階",30万円,15000円,60万円,-,3LDK,80.53m2
プライムアーバン新宿夏目坂タワーレジデンス,東京都新宿区原町３,"
都営大江戸線/牛込柳町駅 歩4分
都営大江戸線/若松河田駅 歩5分
東京メトロ東西線/早稲田駅 歩10分
","
築14年
地下1地上30階建
","
7階",30.8万円,15000円,61.6万円,-,3LDK,74.64m2
プライムアーバン新宿夏目坂タワーレジデンス,東京都新宿区原町３,"
都営大江戸線/牛込柳町駅 歩4分
都営大江戸線/若松河田駅 歩5分
東京メトロ東西線/早稲田駅 歩10分
","
築14年
地下1地上30階建
","
13階",31.3万円,15000円,62.6万円,-,3LDK,74.64m2
プライムアーバン新宿夏目坂タワーレジデンス,東京都新宿区原町３,"
都営大江戸線/牛込柳町駅 歩4分
都営大江戸線/若松河田駅 歩5分
東京メトロ東西線/早稲田駅 歩10分
","
築14年
地下1地上30階建
","
9階",31.3万円,15000円,62.6万円,-,3LDK,74.64m2
プライムアーバン新宿夏目坂タワーレジデンス,東京都新宿区原町３,"
都営大江戸線/牛込柳町駅 歩4分
都営大江戸線/若松河田駅 歩5分
東京メトロ東西線/早稲田駅 歩10分
","
築14年
地下1地上30階建
","
29-30階",49.4万円,15000円,98.8万円,-,2LDK,89.89m2
ラ・トゥール新宿ガーデン,東京都新宿区大久保３,"
ＪＲ山手線/高田馬場駅 歩5分
東京メトロ副都心線/西早稲田駅 歩7分
西武新宿線/下落合駅 歩17分
","
築6年
地下2地上37階建
","
29階",23.8万円,-,71.4万円,-,ワンルーム,38.9m2
ラ・トゥール新宿ガーデン,東京都新宿区大久保３,"
ＪＲ山手線/高田馬場駅 歩5分
東京メトロ副都心線/西早稲田駅 歩7分
西武新宿線/下落合駅 歩17分
","
築6年
地下2地上37階建
","
33階",24万円,-,72万円,-,1K,37.1m2
ラ・トゥール新宿ガーデン,東京都新宿区大久保３,"
ＪＲ山手線/高田馬場駅 歩5分
東京メトロ副都心線/西早稲田駅 歩7分
西武新宿線/下落合駅 歩17分
","
築6年
地下2地上37階建
","
31階",24.5万円,-,73.5万円,-,1K,38.3m2
ラ・トゥール新宿ガーデン,東京都新宿区大久保３,"
ＪＲ山手線/高田馬場駅 歩5分
東京メトロ副都心線/西早稲田駅 歩7分
西武新宿線/下落合駅 歩17分
","
築6年
地下2地上37階建
","
25階",38.5万円,-,115.5万円,-,1LDK,70.4m2
ラ・トゥール新宿ガーデン,東京都新宿区大久保３,"
ＪＲ山手線/高田馬場駅 歩5分
東京メトロ副都心線/西早稲田駅 歩7分
西武新宿線/下落合駅 歩17分
","
築6年
地下2地上37階建
","
26階",39万円,-,117万円,-,1LDK,70.49m2
ラ・トゥール新宿ガーデン,東京都新宿区大久保３,"
ＪＲ山手線/高田馬場駅 歩5分
東京メトロ副都心線/西早稲田駅 歩7分
西武新宿線/下落合駅 歩17分
","
築6年
地下2地上37階建
","
29階",39.5万円,-,118.5万円,-,1LDK,74.46m2
ラ・トゥール新宿ガーデン,東京都新宿区大久保３,"
ＪＲ山手線/高田馬場駅 歩5分
東京メトロ副都心線/西早稲田駅 歩7分
西武新宿線/下落合駅 歩17分
","
築6年
地下2地上37階建
","
24階",41万円,-,82万円,-,1LDK,78m2
ラ・トゥール新宿ガーデン,東京都新宿区大久保３,"
ＪＲ山手線/高田馬場駅 歩5分
東京メトロ副都心線/西早稲田駅 歩7分
西武新宿線/下落合駅 歩17分
","
築6年
地下2地上37階建
","
32階",41万円,-,123万円,-,1LDK,74.46m2
ラ・トゥール新宿ガーデン,東京都新宿区大久保３,"
ＪＲ山手線/高田馬場駅 歩5分
東京メトロ副都心線/西早稲田駅 歩7分
西武新宿線/下落合駅 歩17分
","
築6年
地下2地上37階建
","
29階",41.5万円,-,124.5万円,-,1LDK,78m2
ラ・トゥール新宿ガーデン,東京都新宿区大久保３,"
ＪＲ山手線/高田馬場駅 歩5分
東京メトロ副都心線/西早稲田駅 歩7分
西武新宿線/下落合駅 歩17分
","
築6年
地下2地上37階建
","
24階",42.5万円,-,127.5万円,-,1LDK,78m2
ラ・トゥール新宿ガーデン,東京都新宿区大久保３,"
ＪＲ山手線/高田馬場駅 歩5分
東京メトロ副都心線/西早稲田駅 歩7分
西武新宿線/下落合駅 歩17分
","
築6年
地下2地上37階建
","
35階",43万円,-,129万円,-,1LDK,78.04m2
ラ・トゥール新宿ガーデン,東京都新宿区大久保３,"
ＪＲ山手線/高田馬場駅 歩5分
東京メトロ副都心線/西早稲田駅 歩7分
西武新宿線/下落合駅 歩17分
","
築6年
地下2地上37階建
","
25階",44万円,-,88万円,-,2LDK,78.8m2
ラ・トゥール新宿ガーデン,東京都新宿区大久保３,"
ＪＲ山手線/高田馬場駅 歩5分
東京メトロ副都心線/西早稲田駅 歩7分
西武新宿線/下落合駅 歩17分
","
築6年
地下2地上37階建
","
27階",45万円,-,135万円,-,2LDK,78.8m2
ラ・トゥール新宿ガーデン,東京都新宿区大久保３,"
ＪＲ山手線/高田馬場駅 歩5分
東京メトロ副都心線/西早稲田駅 歩7分
西武新宿線/下落合駅 歩17分
","
築6年
地下2地上37階建
","
31階",85.5万円,-,256.5万円,-,3LDK,140.19m2
都営大江戸線 東新宿駅 3階建 築7年,東京都新宿区大久保２,"
都営大江戸線/東新宿駅 歩6分
東京メトロ副都心線/西早稲田駅 歩8分
ＪＲ山手線/新大久保駅 歩10分
","
築7年
3階建
","
2階",13.3万円,3000円,6.65万円,19.95万円,1SLDK,41.66m2
ウェリス市谷加賀町,東京都新宿区市谷加賀町２,"
都営大江戸線/牛込柳町駅 歩6分
東京メトロ有楽町線/市ヶ谷駅 歩14分
都営新宿線/曙橋駅 歩11分
","
築1年
地下1地上5階建
","
1階",38万円,20000円,38万円,38万円,3LDK,83.44m2
ザ・パークハウス山吹神楽坂,東京都新宿区山吹町,"
東京メトロ有楽町線/江戸川橋駅 歩4分
東京メトロ東西線/神楽坂駅 歩7分
東京メトロ東西線/早稲田駅 歩12分
","
築4年
13階建
","
12階",26.2万円,-,26.2万円,26.2万円,2LDK,61.2m2
ザ・パークハウス山吹神楽坂,東京都新宿区山吹町,"
東京メトロ有楽町線/江戸川橋駅 歩4分
東京メトロ東西線/神楽坂駅 歩7分
東京メトロ東西線/早稲田駅 歩12分
","
築4年
13階建
","
1階",29万円,-,58万円,29万円,3LDK,68.2m2
ザ・パークハウス山吹神楽坂,東京都新宿区山吹町,"
東京メトロ有楽町線/江戸川橋駅 歩4分
東京メトロ東西線/神楽坂駅 歩7分
東京メトロ東西線/早稲田駅 歩12分
","
築4年
13階建
","
1階",29万円,-,58万円,29万円,3LDK,68.2m2
アバンテ西落合,東京都新宿区西落合２,"
都営大江戸線/落合南長崎駅 歩7分
西武池袋線/東長崎駅 歩12分
西武新宿線/新井薬師前駅 歩14分
","
築12年
3階建
","
3階",23万円,-,-,23万円,3LDK,81.96m2
